Property,Category Name,Fans (Latest in Date Range),Post Type,Promoted,Total Actions,Total Actions (Percent Share),Link to Post,Content of Post,Reactions,Comments,Shares,Views,Views (7 Days),Views (28 Days),Views (90 Days),Clicks,Was Live,Branded Content,Branded Content Sponsor,Link to Branded Content Sponsor,Date Published (UTC)
Total,,n/a,,13,"3,843",100.00%,,,"3,063",189,591,"81,525","69,615","79,096","81,388","1,652",,FALSE,n/a,n/a,
Ocean Spray,US*** Consumer Goods - Beverages - Juices / Juice Drinks,"1,661,886",photo,,133,3.46%,https://www.facebook.com/117917151585263/posts/1604541722922791,"Our Big Apple Bog is back at Rockefeller Center & this year we brought back-up â€“ Chef Curtis Stone partnered with our CranMas (Ocean Spray Farmer Grandmas) to help first-time Turkey Day hosts #WinThanksgiving If you weren't able to stop by, check out our story on Instagram to learn more and stay tuned for more fun tomorrow!",112,4,17,0,0,0,0,0,,FALSE,n/a,n/a,2017-11-01T21:07:39+00:00
Ocean Spray,US*** Consumer Goods - Beverages - Juices / Juice Drinks,"1,661,886",photo,Promoted,111,2.89%,https://www.facebook.com/117917151585263/posts/1595170080526622,"Ocean SprayÂ® cranberries may be little, but they pack a BIG nutritional punch! Uniquely, they are naturally lower in sugar than other fruits, making them versatile to eat & use in cooking. That's just one reason we love them so much. Share in the comments one of your reasons. #FNCE",89,10,12,0,0,0,0,0,,FALSE,n/a,n/a,2017-10-22T21:22:10+00:00
Ocean Spray,US*** Consumer Goods - Beverages - Juices / Juice Drinks,"1,661,886",photo,Promoted,109,2.84%,https://www.facebook.com/117917151585263/posts/1576061609104136,#DidYouKnow Ocean Spray is a cooperative owned by over 700 farmer families? Come chat with a few of them at our #cranberrybog on the National Mall at the #CoopFestival today until 4pm & tomorrow 10-4pm to learn more! Visit www.coopfestival.coop for more information #EatMoreCranberries,98,5,6,0,0,0,0,0,,FALSE,n/a,n/a,2017-09-30T14:56:35+00:00
Ocean Spray,US*** Consumer Goods - Beverages - Juices / Juice Drinks,"1,661,886",video,Promoted,106,2.76%,https://www.facebook.com/117917151585263/posts/1539764386067192,"With ready-to-drink mocktails, the workâ€™s all doneâ€”now you have time for a fancy fish garnish. #happierhour http://bit.ly/2v8xM9Y",79,8,19,"4,005","3,538","3,853","4,005",51,,FALSE,n/a,n/a,2017-08-20T11:15:00+00:00
Ocean Spray,US*** Consumer Goods - Beverages - Juices / Juice Drinks,"1,661,886",video,Promoted,105,2.73%,https://www.facebook.com/117917151585263/posts/1459482277428737,It's officially sandal season! Try one of these adorable garnishes on your Cranberry Sangria Mocktail! #happierhour http://bit.ly/2qObWGG,62,8,35,"5,848","5,583","5,720","5,835",20,,FALSE,n/a,n/a,2017-07-09T13:30:00+00:00
Ocean Spray,US*** Consumer Goods - Beverages - Juices / Juice Drinks,"1,661,886",photo,,97,2.52%,https://www.facebook.com/117917151585263/posts/1594366020607028,We're toasting to #eatright100 and celebrating the Academy of Nutrition and Dieteticsâ€™ Centennial with Ocean SprayÂ® Mocktails!,76,9,12,0,0,0,0,0,,FALSE,n/a,n/a,2017-10-21T23:13:11+00:00
Ocean Spray,US*** Consumer Goods - Beverages - Juices / Juice Drinks,"1,661,886",video,Promoted,94,2.45%,https://www.facebook.com/117917151585263/posts/1493534147356883,Ready for your own tropical paradise? Try Ocean SprayÂ® Mocktailsâ€“ the taste will take you away #happierhour http://bit.ly/2syQPO6,64,2,28,"4,858","4,518","4,718","4,833",25,,FALSE,n/a,n/a,2017-07-03T15:00:11+00:00
Ocean Spray,US*** Consumer Goods - Beverages - Juices / Juice Drinks,"1,661,886",photo,,92,2.39%,https://www.facebook.com/117917151585263/posts/1577156192328011,We had so much fun transforming Americaâ€™s backyard into a #cranberrybog - thanks everyone for visiting us at the #CoopFestival and celebrating #CoopMonth #EatMoreCranberries #OceanSprayHarvest #GoCoop,85,0,7,0,0,0,0,0,,FALSE,n/a,n/a,2017-10-01T20:40:37+00:00
Ocean Spray,US*** Consumer Goods - Beverages - Juices / Juice Drinks,"1,661,886",video,Promoted,91,2.37%,https://www.facebook.com/117917151585263/posts/10154903635181711,"ENTER TO WIN! Weâ€™re celebrating National Co-operative Month with OUR BIGGEST SWEEPSTAKES EVER! Weâ€™ve teamed up with these awesome co-op friends to offer one winner over $5,500 in prizes!
 Click here to enter now: www.cabotcheese.coop/coop-sweeps. One winner will be chosen 11/1/17.
 
 Ace Hardware, Blue Diamond Almonds, Carpet One Floor & Home, Divine Chocolate USA, Lighting One, Ocean Spray, Organic Valley, Simply Organic & Welch's",80,5,6,"11,319","5,361","11,305","11,319",0,,FALSE,n/a,n/a,2017-10-03T16:26:32+00:00
Ocean Spray,US*** Consumer Goods - Beverages - Juices / Juice Drinks,"1,661,886",video,,84,2.19%,https://www.facebook.com/117917151585263/posts/1512723248771306,Set sail for a #happierhour with ready-to-drink Ocean SprayÂ® Mocktails.,51,11,22,"3,506","3,206","3,318","3,494",0,,FALSE,n/a,n/a,2017-07-21T18:44:05+00:00
Ocean Spray,US*** Consumer Goods - Beverages - Juices / Juice Drinks,"1,661,886",photo,,82,2.13%,https://www.facebook.com/117917151585263/posts/1604162556294041,Ocean Spray is back in the Big Apple at Rockefeller Center today & tomorrow! Stop by or follow our story on Instagram to learn how to #WinThanksgiving,59,3,20,0,0,0,0,0,,FALSE,n/a,n/a,2017-11-01T12:18:07+00:00
Ocean Spray,US*** Consumer Goods - Beverages - Juices / Juice Drinks,"1,661,886",photo,,78,2.03%,https://www.facebook.com/117917151585263/posts/1576332219077075,"What a crantastic start to the #CoopFestival in D.C.! If you missed today, come check us out on the #NationalMall from 10-4pm tomorrow or watch the fun unfold in our Instagram story! Learn more at: www.coopfestival.coop #EatMoreCranberries",69,3,6,0,0,0,0,0,,FALSE,n/a,n/a,2017-09-30T22:12:35+00:00
Ocean Spray,US*** Consumer Goods - Beverages - Juices / Juice Drinks,"1,661,886",photo,,75,1.95%,https://www.facebook.com/117917151585263/posts/1595934103783553,"#DidYouKnow: cranberries grow in bogs? We created a mini #bog experience for #FNCE attendees in #Chicago this weekend to help share the uniqueness of cranberry from bog to bottle, and bag! Learn more at: oceanspray.com",68,5,2,0,0,0,0,0,,FALSE,n/a,n/a,2017-10-23T18:34:13+00:00
Ocean Spray,US*** Consumer Goods - Beverages - Juices / Juice Drinks,"1,661,886",video,,72,1.87%,https://www.facebook.com/117917151585263/posts/1573067039403593,Only 4 more days until our Bogs Across America tour makes its way back to the Nationâ€™s Capital for the #CoopFestival â€“ visit us in DC this Saturday & Sunday to celebrate #CoopMonth #CranberryLife| www.coopfestival.coop,48,2,22,"6,253","6,060","6,221","6,253",0,,FALSE,n/a,n/a,2017-09-26T22:20:39+00:00
Ocean Spray,US*** Consumer Goods - Beverages - Juices / Juice Drinks,"1,661,886",link,Promoted,71,1.85%,https://www.facebook.com/117917151585263/posts/1468703699839928,"Itâ€™s TryDay Friday on the Today Show! Watch Hoda and guest, Dean Cain, try our delicious new Mocktails. They agree that itâ€™s the perfect summer drink with the taste that takes you away!",50,4,17,0,0,0,0,188,,FALSE,n/a,n/a,2017-06-09T17:19:08+00:00
Ocean Spray,US*** Consumer Goods - Beverages - Juices / Juice Drinks,"1,661,886",link,,66,1.72%,https://www.facebook.com/117917151585263/posts/1459447970765501,Have the best lemonade on the block and try this summer classic!,50,2,14,0,0,0,0,121,,FALSE,n/a,n/a,2017-06-09T17:00:00+00:00
Ocean Spray,US*** Consumer Goods - Beverages - Juices / Juice Drinks,"1,661,886",video,Promoted,62,1.61%,https://www.facebook.com/117917151585263/posts/1530820456961585,Add a twist to your Cranberry Peach Bellini Mocktails with this easy and elegant garnish #happierhour http://bit.ly/2vg1tJe,49,4,9,"2,323","2,031","2,214","2,323",14,,FALSE,n/a,n/a,2017-08-08T15:04:35+00:00
Ocean Spray,US*** Consumer Goods - Beverages - Juices / Juice Drinks,"1,661,886",video,,62,1.61%,https://www.facebook.com/117917151585263/posts/1486437984733166,"One of those days, huh? Unwind with an Ocean SprayÂ® Mocktail. The taste will take you away. http://bit.ly/2ue7Vgy",47,6,9,"2,881","2,689","2,816","2,881",23,,FALSE,n/a,n/a,2017-06-27T15:20:32+00:00
Ocean Spray,US*** Consumer Goods - Beverages - Juices / Juice Drinks,"1,661,886",video,,58,1.51%,https://www.facebook.com/117917151585263/posts/1459485117428453,Staying in? Whip up a batch of this Caramel Corn & CraisinsÂ® Dried Cranberries Snack Mix for a delicious movie night treat! http://bit.ly/1nj1Olw,39,2,17,"2,445","2,217","2,297","2,441",43,,FALSE,n/a,n/a,2017-07-28T15:19:37+00:00
Ocean Spray,US*** Consumer Goods - Beverages - Juices / Juice Drinks,"1,661,886",link,,57,1.48%,https://www.facebook.com/117917151585263/posts/1459480394095592,Celebrate the season with a spritzer! This Cranberry Lime Mint Spritzer is one of our favorites!,40,2,15,0,0,0,0,111,,FALSE,n/a,n/a,2017-07-20T13:02:00+00:00
Ocean Spray,US*** Consumer Goods - Beverages - Juices / Juice Drinks,"1,661,886",photo,,56,1.46%,https://www.facebook.com/117917151585263/posts/1563033850406912,"Ocean Spray Grower-Owner, Clinton May, introduced Matt Iseman from #AmericanNinjaWarrior to the ninja fruit and the power of cranberry at the Kari Feinstein Public Relations Style Lounge in #Hollywood today #TVAwards",50,3,3,0,0,0,0,0,,FALSE,n/a,n/a,2017-09-14T23:10:44+00:00
Ocean Spray,US*** Consumer Goods - Beverages - Juices / Juice Drinks,"1,661,886",photo,,55,1.43%,https://www.facebook.com/117917151585263/posts/1459468380763460,Do you know who's the perfect picnic partner? Ocean SprayÂ®!,45,4,6,0,0,0,0,0,,FALSE,n/a,n/a,2017-06-28T17:25:00+00:00
Ocean Spray,US*** Consumer Goods - Beverages - Juices / Juice Drinks,"1,661,886",photo,,54,1.41%,https://www.facebook.com/117917151585263/posts/1594149573962006,"We're excited to be at #FNCE this weekend in #Chicago talking #cranberry health, heritage and taste! If you're here as well, come check out our #bog & booth 1853 to see what's fresh at Ocean Spray this year!",47,1,6,0,0,0,0,0,,FALSE,n/a,n/a,2017-10-21T17:42:03+00:00
Ocean Spray,US*** Consumer Goods - Beverages - Juices / Juice Drinks,"1,661,886",photo,,53,1.38%,https://www.facebook.com/117917151585263/posts/1601341109909519,Now here's a fall treat that will have everyone running to the breakfast table! The bold flavors in our Gingerbread Pancakes with Cranberry Orange Syrup are sure to be your new weekend favorite. http://spr.ly/61868CMqg,37,1,15,0,0,0,0,0,,FALSE,n/a,n/a,2017-10-29T11:00:01+00:00
Ocean Spray,US*** Consumer Goods - Beverages - Juices / Juice Drinks,"1,661,886",link,,52,1.35%,https://www.facebook.com/117917151585263/posts/1459477527429212,"Nothing beats an ice cold drink on a hot summer day, so grab a glass of our refreshing Cranberry Juice Cocktail.",44,2,6,0,0,0,0,26,,FALSE,n/a,n/a,2017-07-12T15:20:00+00:00
Ocean Spray,US*** Consumer Goods - Beverages - Juices / Juice Drinks,"1,661,886",video,,52,1.35%,https://www.facebook.com/117917151585263/posts/1480824148627883,"With ready-to-drink Mocktails, the workâ€™s all doneâ€”now you have time to dress up your drink! #happierhour",37,4,11,"7,533","7,108","7,435","7,508",0,,FALSE,n/a,n/a,2017-06-22T20:45:00+00:00
Ocean Spray,US*** Consumer Goods - Beverages - Juices / Juice Drinks,"1,661,886",photo,,51,1.33%,https://www.facebook.com/117917151585263/posts/1593208687389428,#DidYouKnow: 1/4 cup of Ocean SprayÂ® Reduced Sugar CraisinsÂ® Dried Cranberries provide a good source of fiber & 25% of daily fruit recommendations? Get your nutritional fix at #FNCE in #Chicago this weekend or learn more at: oceanspray.com,40,2,9,0,0,0,0,0,,FALSE,n/a,n/a,2017-10-20T15:39:02+00:00
Ocean Spray,US*** Consumer Goods - Beverages - Juices / Juice Drinks,"1,661,886",photo,,50,1.30%,https://www.facebook.com/117917151585263/posts/1602629589780671,"This Halloween Bark is the perfect combination of smooth, crunchy, sweet and salty, and you won't believe how easy it is to make! http://spr.ly/61888CMty",34,0,16,0,0,0,0,0,,FALSE,n/a,n/a,2017-10-30T19:00:01+00:00
Ocean Spray,US*** Consumer Goods - Beverages - Juices / Juice Drinks,"1,661,886",photo,,50,1.30%,https://www.facebook.com/117917151585263/posts/1589825514394412,"Have you heard what's fresh in the #FNCE line-up for this weekend? Fresh cranberries! Ocean Spray is bringing the bog to #Chicago to share the ins and outs of our latest and greatest cranberry creations. Learn more about our health, heritage and taste at booth #1853 #EatMoreCranberries #OceanSpray",45,2,3,0,0,0,0,0,,FALSE,n/a,n/a,2017-10-16T15:57:46+00:00
Ocean Spray,US*** Consumer Goods - Beverages - Juices / Juice Drinks,"1,661,886",link,,46,1.20%,https://www.facebook.com/117917151585263/posts/1459464514097180,It's a muffin kind of Monday.,32,0,14,0,0,0,0,68,,FALSE,n/a,n/a,2017-06-12T13:30:00+00:00
Ocean Spray,US*** Consumer Goods - Beverages - Juices / Juice Drinks,"1,661,886",link,,43,1.12%,https://www.facebook.com/117917151585263/posts/1575426699167627,"Our #bog on the #NationalMall is REDy! Visit us & other cooperatives tomorrow & Sunday in the <3 of D.C. at the #CoopFestival for live music, fun & of course, cranberries! Learn more at coopfestival.coop & be sure to follow the fun on our Instagram story if you canâ€™t make it: #CoopMonth #EatMoreCranberries #OceanSprayHarvest #CranberryLife",31,0,12,0,0,0,0,0,,FALSE,n/a,n/a,2017-09-29T20:47:24+00:00
Ocean Spray,US*** Consumer Goods - Beverages - Juices / Juice Drinks,"1,661,886",photo,,43,1.12%,https://www.facebook.com/117917151585263/posts/1564678943575736,#Twilight and #TheLastShip star Jackson Rathbone and his wife visited us at the Kari Feinstein Public Relations #StyleLounge to get REDy for the #TVAwards #AwardsShow tomorrow. Get the recipes for their pre-celebration #cranberry #cocktails -The Chuckle Chaser and The Biz here to get REDy too: www.oceanspray.com/Ocean-Spray-Recipes/By-Category/Newest.aspx,40,2,1,0,0,0,0,0,,FALSE,n/a,n/a,2017-09-16T19:15:33+00:00
Ocean Spray,US*** Consumer Goods - Beverages - Juices / Juice Drinks,"1,661,886",photo,,43,1.12%,https://www.facebook.com/117917151585263/posts/1547316971978600,Swap Mocktails for your cocktails this #SundayFunday for a #HappierHour. http://bit.ly/2vtrimX,36,2,5,0,0,0,0,19,,FALSE,n/a,n/a,2017-08-27T16:11:31+00:00
Ocean Spray,US*** Consumer Goods - Beverages - Juices / Juice Drinks,"1,661,886",link,,43,1.12%,https://www.facebook.com/117917151585263/posts/1459475884096043,Lather. Grill. Repeat.,23,2,18,0,0,0,0,90,,FALSE,n/a,n/a,2017-07-10T16:00:00+00:00
Ocean Spray,US*** Consumer Goods - Beverages - Juices / Juice Drinks,"1,661,886",photo,,42,1.09%,https://www.facebook.com/117917151585263/posts/1591772200866410,"Mouthwatering Cranberry Mustard Sauce or the fact that it's done in less than 30 minutes? We can't decide, which do you think is the best part about these chicken tenderloins? http://spr.ly/61828736w",23,1,18,0,0,0,0,0,,FALSE,n/a,n/a,2017-10-18T22:36:34+00:00
Ocean Spray,US*** Consumer Goods - Beverages - Juices / Juice Drinks,"1,661,886",photo,,42,1.09%,https://www.facebook.com/117917151585263/posts/1548058148571149,Today is the last day to enter for a chance to win the JetBlue Aruba getaway. bit.ly/2wlC1zX,33,1,8,0,0,0,0,168,,FALSE,n/a,n/a,2017-08-28T13:54:04+00:00
Ocean Spray,US*** Consumer Goods - Beverages - Juices / Juice Drinks,"1,661,886",photo,,41,1.07%,https://www.facebook.com/117917151585263/posts/1495784480465183,Ocean Spray updated their cover photo.,39,0,2,0,0,0,0,0,,FALSE,n/a,n/a,2017-07-05T18:56:15+00:00
Ocean Spray,US*** Consumer Goods - Beverages - Juices / Juice Drinks,"1,661,886",video,,41,1.07%,https://www.facebook.com/117917151585263/posts/1459485840761714,"Going on a weekend bike ride? Let us tag along! Whether it's a road trip or an afternoon stroll, our single-serve juice drinks and CraisinsÂ® Dried Cranberries are the perfect (and delicious) companions. http://bit.ly/2q3NvIu",28,3,10,"2,857","2,604","2,777","2,843",2,,FALSE,n/a,n/a,2017-06-11T15:15:00+00:00
Ocean Spray,US*** Consumer Goods - Beverages - Juices / Juice Drinks,"1,661,886",photo,,40,1.04%,https://www.facebook.com/117917151585263/posts/1563801640330133,The Jazmyn Simon from #Ballers styled with this season's hottest accessoryâ€¦ Cranberry Cocktails! Thanks for stopping by the Kari Feinstein Public Relations #StyleLounge yesterday! We can't wait for Sunday's #Primetime #TVAwards,37,3,0,0,0,0,0,0,,FALSE,n/a,n/a,2017-09-15T18:24:47+00:00
Ocean Spray,US*** Consumer Goods - Beverages - Juices / Juice Drinks,"1,661,886",video,,40,1.04%,https://www.facebook.com/117917151585263/posts/1557163444327286,Brighten up your drink with these Tropical Sun Garnishes! Pairs best with our ready-to-drink Tropical Paradise Mocktails. #happierhour http://bit.ly/2xQy5YS,35,0,5,"1,725","1,561","1,685","1,725",15,,FALSE,n/a,n/a,2017-09-07T17:59:39+00:00
Ocean Spray,US*** Consumer Goods - Beverages - Juices / Juice Drinks,"1,661,886",link,,39,1.01%,https://www.facebook.com/117917151585263/posts/1459467367430228,Try our Light Cranberry Mousse for a refreshingly fruity dessert!,27,1,11,0,0,0,0,132,,FALSE,n/a,n/a,2017-06-23T18:30:00+00:00
Ocean Spray,US*** Consumer Goods - Beverages - Juices / Juice Drinks,"1,661,886",photo,,38,0.99%,https://www.facebook.com/117917151585263/posts/1597657620277868,"Whether you're having a party or a cozy get-together this weekend, this Ultimate Baked Brie is nearly impossible to resist. With its combination of warm, melted cheese and tangy cranberries, it makes for the ultimate party pleaser. http://spr.ly/61868CMij",29,4,5,0,0,0,0,0,,FALSE,n/a,n/a,2017-10-25T16:00:01+00:00
Ocean Spray,US*** Consumer Goods - Beverages - Juices / Juice Drinks,"1,661,886",video,Promoted,38,0.99%,https://www.facebook.com/117917151585263/posts/1525280404182257,Make wherever you happy hour a paradise with a Tropical Paradise mocktail. #happierhour http://bit.ly/2u43zgH,29,7,2,"1,365","1,141","1,260","1,363",7,,FALSE,n/a,n/a,2017-08-02T15:52:51+00:00
Ocean Spray,US*** Consumer Goods - Beverages - Juices / Juice Drinks,"1,661,886",video,,38,0.99%,https://www.facebook.com/117917151585263/posts/1459484080761890,Looking for healthy and simple snack options? We think our Ladybugs on a Log are just the thing! http://bit.ly/1nRZcZo,32,2,4,"3,846","3,649","3,709","3,837",32,,FALSE,n/a,n/a,2017-07-17T19:36:59+00:00
Ocean Spray,US*** Consumer Goods - Beverages - Juices / Juice Drinks,"1,661,886",video,,38,0.99%,https://www.facebook.com/117917151585263/posts/1459483197428645,Twist (and turn) things up by topping off your Mocktail with a beautiful Twisted Peach Garnish! It makes a peachy keen final touch! http://bit.ly/2smgjdI,27,4,7,"3,457","3,320","3,387","3,446",8,,FALSE,n/a,n/a,2017-07-08T13:00:00+00:00
Ocean Spray,US*** Consumer Goods - Beverages - Juices / Juice Drinks,"1,661,886",link,,38,0.99%,https://www.facebook.com/117917151585263/posts/1459470264096605,"Morning or evening, our sweet and crunchy Cranberry Almond Biscotti is the perfect accompaniment to a good cup of coffee.",25,0,13,0,0,0,0,66,,FALSE,n/a,n/a,2017-06-06T14:30:00+00:00
Ocean Spray,US*** Consumer Goods - Beverages - Juices / Juice Drinks,"1,661,886",link,,38,0.99%,https://www.facebook.com/117917151585263/posts/1392438430799789,"Bring some crunch to your lunch with this Turkey, Cranberry and Feta Salad!",25,0,13,0,0,0,0,57,,FALSE,n/a,n/a,2017-06-04T14:30:00+00:00
Ocean Spray,US*** Consumer Goods - Beverages - Juices / Juice Drinks,"1,661,886",photo,,34,0.88%,https://www.facebook.com/117917151585263/posts/1564002180310079,Thanks The Aly Mawji #BernardWhite #ChrisWilliams and Suzanne Cryer for venturing out of #SiliconValley to check out our #cranberry bog and bar at the Kari Feinstein Public Relations Style Lounge in #Hollywood #TVAwards,31,1,2,0,0,0,0,0,,FALSE,n/a,n/a,2017-09-15T23:56:06+00:00
Ocean Spray,US*** Consumer Goods - Beverages - Juices / Juice Drinks,"1,661,886",video,,34,0.88%,https://www.facebook.com/117917151585263/posts/1519908721386092,Happy hour already? Make it an even #happierhour with Cranberry Peach Bellini Mocktails. http://bit.ly/2uBVNsR,24,6,4,"3,152","2,777","2,932","3,150",19,,FALSE,n/a,n/a,2017-07-27T20:21:43+00:00
Ocean Spray,US*** Consumer Goods - Beverages - Juices / Juice Drinks,"1,661,886",photo,,33,0.86%,https://www.facebook.com/117917151585263/posts/1564502613593369,From one superfruit to another superstar- thanks Beverley Mitchell for stopping by our cranberry bog at the Kari Feinstein Public Relations #StyleLounge #7thHeaven #HollywoodDarlings #TVAwards,30,3,0,0,0,0,0,0,,FALSE,n/a,n/a,2017-09-16T15:10:35+00:00
Ocean Spray,US*** Consumer Goods - Beverages - Juices / Juice Drinks,"1,661,886",photo,,33,0.86%,https://www.facebook.com/117917151585263/posts/1563912370319060,"#OceanSpray Farmer-Owners, Clinton and Lauren May, try to curb their enthusiasm as Cheryl Hines visits our #cranberry #bog at the Kari Feinstein Public Relations #StyleLounge",29,1,3,0,0,0,0,0,,FALSE,n/a,n/a,2017-09-15T21:03:26+00:00
Ocean Spray,US*** Consumer Goods - Beverages - Juices / Juice Drinks,"1,661,886",link,Promoted,33,0.86%,https://www.facebook.com/117917151585263/posts/1459446794098952,"Fuel your morning with CraisinsÂ® Dried Cranberries! One serving accounts for 25% of your daily fruit intake, so toss some in your fruit bowl or snack straight out of the bag (we won't judge). Check out all our delicious flavors!",29,2,2,0,0,0,0,18,,FALSE,n/a,n/a,2017-06-02T14:03:00+00:00
Ocean Spray,US*** Consumer Goods - Beverages - Juices / Juice Drinks,"1,661,886",link,,32,0.83%,https://www.facebook.com/117917151585263/posts/1459474560762842,"Serve up something berry delicious this Fourth of July, like our Red, White, and Blue Shortcakes!",26,1,5,0,0,0,0,32,,FALSE,n/a,n/a,2017-07-04T14:34:00+00:00
Ocean Spray,US*** Consumer Goods - Beverages - Juices / Juice Drinks,"1,661,886",photo,,29,0.75%,https://www.facebook.com/117917151585263/posts/1565358116841152,CRAN YOU SAY RED HOT? Shanola Hampton from #Shameless worked that cranberry #redcarpet at the Kari Feinstein Public Relations #StyleLounge! Thanks for stopping by for the #TVAwards pre-celebration! Can't wait for tonight's #AwardsShow,27,0,2,0,0,0,0,0,,FALSE,n/a,n/a,2017-09-17T15:01:27+00:00
Ocean Spray,US*** Consumer Goods - Beverages - Juices / Juice Drinks,"1,661,886",photo,Promoted,29,0.75%,https://www.facebook.com/117917151585263/posts/1561927047184259,Wishing you could enjoy a refreshing Cranberry Sangria on the sidelines? Ocean SprayÂ® Mocktails lets you have a #HappierHour wherever life takes you - even at your kidsâ€™ sports games! #CheersMama http://bit.ly/2x1oKQa,25,2,2,0,0,0,0,10,,FALSE,n/a,n/a,2017-09-13T15:13:50+00:00
Ocean Spray,US*** Consumer Goods - Beverages - Juices / Juice Drinks,"1,661,886",video,,28,0.73%,https://www.facebook.com/117917151585263/posts/1533383980038566,"Last minute road trip? Stock up on the best car snacks to limit the ""are we there yet"" moments with CraisinsÂ® Dried Cranberries, a proud partner of Team FNV. #TheAnswerisCraisins http://bit.ly/1BuLB1D",27,1,0,"1,739","1,608","1,683","1,739",3,,FALSE,n/a,n/a,2017-08-13T12:20:00+00:00
Ocean Spray,US*** Consumer Goods - Beverages - Juices / Juice Drinks,"1,661,886",video,,27,0.70%,https://www.facebook.com/117917151585263/posts/1533374370039527,"Get back to the basics, build better beach snacks with your favorite fruits, like CraisinsÂ® Dried Cranberries, a proud partner of Team FNV #TheAnswerisCraisins http://bit.ly/2vVRhqW",21,2,4,"1,075",946,"1,023","1,075",2,,FALSE,n/a,n/a,2017-08-11T14:08:31+00:00
Ocean Spray,US*** Consumer Goods - Beverages - Juices / Juice Drinks,"1,661,886",video,Promoted,26,0.68%,https://www.facebook.com/117917151585263/posts/1549986921711605,"You are what you eat. And cranberries & carrots are pretty cool. Don't forget to pack your CraisinsÂ® Dried Cranberries, a proud partner of Team FNV #TheAnswerisCraisins http://bit.ly/1BuLB1D",22,2,2,"1,396","1,161","1,319","1,396",5,,FALSE,n/a,n/a,2017-08-30T15:34:00+00:00
Ocean Spray,US*** Consumer Goods - Beverages - Juices / Juice Drinks,"1,661,886",link,,26,0.68%,https://www.facebook.com/117917151585263/posts/1459481937428771,Try our sweet and spicy twist on everyone's favorite snack.,20,3,3,0,0,0,0,68,,FALSE,n/a,n/a,2017-07-31T17:46:00+00:00
Ocean Spray,US*** Consumer Goods - Beverages - Juices / Juice Drinks,"1,661,886",link,,26,0.68%,https://www.facebook.com/117917151585263/posts/1459465270763771,Happy Father's Day! Kick back and enjoy this easy Slow Cooker Sweet and Smokey Barbeque Pulled Pork to celebrate the greatest guy around!,24,0,2,0,0,0,0,39,,FALSE,n/a,n/a,2017-06-18T18:20:00+00:00
Ocean Spray,US*** Consumer Goods - Beverages - Juices / Juice Drinks,"1,661,886",video,,26,0.68%,https://www.facebook.com/117917151585263/posts/1459486620761636,"Breakfast, lunch, or dinner â€“ CraisinsÂ® Dried Cranberries are delicious as a standalone snack or as part of a recipe! Tag us to share what you've whipped up! http://bit.ly/1f8bEwU",22,1,3,"1,543","1,300","1,471","1,523",2,,FALSE,n/a,n/a,2017-06-14T14:30:00+00:00
Ocean Spray,US*** Consumer Goods - Beverages - Juices / Juice Drinks,"1,661,886",photo,,25,0.65%,https://www.facebook.com/117917151585263/posts/1564094546967509,#Westworld actors Leonardo Nam Louis Herthum and Clifton Collins Jr. enter our #OceanSpray world at the Kari Feinstein Public Relations #StyleLounge in #Hollywood for a little #TVAwards #AwardsShow pre-celebration,24,1,0,0,0,0,0,0,,FALSE,n/a,n/a,2017-09-16T02:44:42+00:00
Ocean Spray,US*** Consumer Goods - Beverages - Juices / Juice Drinks,"1,661,886",link,,25,0.65%,https://www.facebook.com/117917151585263/posts/1536051713105126,"How do you happy hour? With Ocean SprayÂ® Mocktails, thereâ€™s no wrong answer. #happierhour",20,3,2,0,0,0,0,47,,FALSE,n/a,n/a,2017-08-14T15:23:09+00:00
Ocean Spray,US*** Consumer Goods - Beverages - Juices / Juice Drinks,"1,661,886",link,,25,0.65%,https://www.facebook.com/117917151585263/posts/1459479987428966,Warm weather + good friends + a cooler of your favorite goodies = the perfect beach day ðŸŒ´,23,0,2,0,0,0,0,28,,FALSE,n/a,n/a,2017-07-16T14:01:00+00:00
Ocean Spray,US*** Consumer Goods - Beverages - Juices / Juice Drinks,"1,661,886",photo,,24,0.62%,https://www.facebook.com/117917151585263/posts/1562905783753052,Getting REDy to roll out the cranberry red carpet at the Kari Feinstein Public Relations #StyleLounge in prep of Sunday's #Primetime #TVAwards,23,0,1,0,0,0,0,0,,FALSE,n/a,n/a,2017-09-14T19:10:46+00:00
Ocean Spray,US*** Consumer Goods - Beverages - Juices / Juice Drinks,"1,661,886",link,,23,0.60%,https://www.facebook.com/117917151585263/posts/1587163267993970,"It may be Friday the 13th, but we're feeling berry lucky â€“ at least it's Friday, right? Cheers to that with Fall's Favorite Cocktail!",20,1,2,0,0,0,0,0,,FALSE,n/a,n/a,2017-10-13T17:07:17+00:00
Ocean Spray,US*** Consumer Goods - Beverages - Juices / Juice Drinks,"1,661,886",video,Promoted,23,0.60%,https://www.facebook.com/117917151585263/posts/1551753261534971,Make your happy hour peachy with Ocean SprayÂ® Cranberry Peach Bellini Mocktails. #happierhour http://bit.ly/2gvxiJj,21,1,1,"1,370","1,084","1,293","1,370",11,,FALSE,n/a,n/a,2017-09-01T14:22:00+00:00
Ocean Spray,US*** Consumer Goods - Beverages - Juices / Juice Drinks,"1,661,886",photo,,22,0.57%,https://www.facebook.com/117917151585263/posts/1565497116827252,"#13ReasonsWhy actress #AnneWinters celebrates the show biz at the Kari Feinstein Public Relations #StyleLounge #TVAwards kick-off. Get the recipe for the fitting #cranberry #cocktail - ""The Biz"" featured at the event and below here: www.oceanspray.com/Recipes/Corporate/Drinks-Cocktails/The-Biz.aspx",20,0,2,0,0,0,0,0,,FALSE,n/a,n/a,2017-09-17T18:37:23+00:00
Ocean Spray,US*** Consumer Goods - Beverages - Juices / Juice Drinks,"1,661,886",link,,22,0.57%,https://www.facebook.com/117917151585263/posts/1459480964095535,Mix things up a bit and taste the floral flavor with this Hibiscus Punch!,17,2,3,0,0,0,0,26,,FALSE,n/a,n/a,2017-07-25T15:34:18+00:00
Ocean Spray,US*** Consumer Goods - Beverages - Juices / Juice Drinks,"1,661,886",video,,21,0.55%,https://www.facebook.com/117917151585263/posts/1538901836153447,"We'll give you a hint: they're delicious, nutritious and an easy grab for last-minute summer outings â€“ CraisinsÂ® Dried Cranberries, a proud partner of Team FNV. #TheAnswerisCraisins http://bit.ly/2wjGDJX",20,0,1,"1,355","1,199","1,290","1,355",2,,FALSE,n/a,n/a,2017-08-17T17:49:53+00:00
Ocean Spray,US*** Consumer Goods - Beverages - Juices / Juice Drinks,"1,661,886",photo,,20,0.52%,https://www.facebook.com/117917151585263/posts/1599760830067547,"What's a party without a little pizza? This Spider Web Dessert Pizza is a sweet treat, no matter how you slice it. http://spr.ly/61848CMlC",14,0,6,0,0,0,0,0,,FALSE,n/a,n/a,2017-10-27T15:00:02+00:00
Ocean Spray,US*** Consumer Goods - Beverages - Juices / Juice Drinks,"1,661,886",photo,,19,0.49%,https://www.facebook.com/117917151585263/posts/1565554573488173,"Still not sure what to make for tonight's #AwardsShow? Try one of our four signature #TVAwards cocktails, whether you enjoy a good drama with our Dramatic Diva, are a bit of a Scene Stealer, more of a Chuckle Chaser, or just enjoy The Biz, you can find the perfect recipe here: www.oceanspray.com/Ocean-Spray-Recipes/By-Category/Newest.aspx",17,0,2,0,0,0,0,0,,FALSE,n/a,n/a,2017-09-17T20:16:41+00:00
Ocean Spray,US*** Consumer Goods - Beverages - Juices / Juice Drinks,"1,661,886",photo,,19,0.49%,https://www.facebook.com/117917151585263/posts/1564751953568435,"No, PJ Byrne we weren't lying. This is really one of our #OceanSpray Farmer-Owners! Thanks for visiting us at the Kari Feinstein Public Relations #StyleLounge. We can't wait for tomorrow's #TVAwards #AwardsShow #BigLittleLies",17,0,2,0,0,0,0,0,,FALSE,n/a,n/a,2017-09-16T21:01:43+00:00
Ocean Spray,US*** Consumer Goods - Beverages - Juices / Juice Drinks,"1,661,886",photo,,19,0.49%,https://www.facebook.com/117917151585263/posts/1563846856992278,From #ThisIsUs the adorable #ErisBaker gets a fun and flavorful taste of who Ocean Spray is at the @KariFeinstein #StyleLounge. #WeAreCranberryGrowers Best of luck to the show this Sunday! #TVAwards,17,1,1,0,0,0,0,0,,FALSE,n/a,n/a,2017-09-15T19:08:37+00:00
Ocean Spray,US*** Consumer Goods - Beverages - Juices / Juice Drinks,"1,661,886",photo,,19,0.49%,https://www.facebook.com/117917151585263/posts/1563727520337545,Thanks Stephanie Beatriz for the bogside chat yesterday at the Kari Feinstein Public Relations Style Lounge. We can't wait for Sunday's #TVAwards #AwardsShow #BrooklynNineNine,19,0,0,0,0,0,0,0,,FALSE,n/a,n/a,2017-09-15T16:39:44+00:00
Ocean Spray,US*** Consumer Goods - Beverages - Juices / Juice Drinks,"1,661,886",photo,,18,0.47%,https://www.facebook.com/117917151585263/posts/1600548659988764,Need a kid-friendly option for your ghoulish gatherings this Halloween weekend? Try this Ghoulishly Grape Punch. http://spr.ly/61818CMWX,14,1,3,0,0,0,0,0,,FALSE,n/a,n/a,2017-10-28T13:00:00+00:00
Ocean Spray,US*** Consumer Goods - Beverages - Juices / Juice Drinks,"1,661,886",video,,18,0.47%,https://www.facebook.com/117917151585263/posts/1543895302320767,"Easy to pack and snack and with 25% of your daily fruit intake needs per serving, CraisinsÂ® Dried Cranberries are always a smart choice. #TheAnswerisCraisins http://bit.ly/2w3FC6M",16,2,0,"1,076",889,"1,012","1,076",3,,FALSE,n/a,n/a,2017-08-23T16:30:21+00:00
Ocean Spray,US*** Consumer Goods - Beverages - Juices / Juice Drinks,"1,661,886",photo,,17,0.44%,https://www.facebook.com/117917151585263/posts/1603419673034996,Have a fab-BOO-lous Halloween & don't forget to treat yourself! Here's a last-minute trick to help keep you out of the candy bowl tonight â€“ Milk Chocolate or Greek Yogurt Covered CraisinsÂ® Dried Cranberries. http://spr.ly/61838CMv7,16,0,1,0,0,0,0,0,,FALSE,n/a,n/a,2017-10-31T16:00:00+00:00
Ocean Spray,US*** Consumer Goods - Beverages - Juices / Juice Drinks,"1,661,886",link,,17,0.44%,https://www.facebook.com/117917151585263/posts/1567075506669413,Why limit happy hour to a bar? Bring happy hour home with Ocean SprayÂ® Mocktails tonight. #HappierHour http://bit.ly/2hdNsqW,14,1,2,0,0,0,0,27,,FALSE,n/a,n/a,2017-09-19T17:26:57+00:00
Ocean Spray,US*** Consumer Goods - Beverages - Juices / Juice Drinks,"1,661,886",photo,,17,0.44%,https://www.facebook.com/117917151585263/posts/1563947986982165,#Ballers actress Emayatzy Corinealdi having a ball with #OceanSpray at the Kari Feinstein Public Relations #Stylelounge in #Hollywood to get ready for Sunday's #TVAwards #AwardsShow,16,1,0,0,0,0,0,0,,FALSE,n/a,n/a,2017-09-15T22:02:10+00:00
Ocean Spray,US*** Consumer Goods - Beverages - Juices / Juice Drinks,"1,661,886",video,,17,0.44%,https://www.facebook.com/117917151585263/posts/1542177432492554,"That first day back can be tough. Add a little something extra to their lunchbox to get them through it â€“ CraisinsÂ® Dried Cranberries, a proud partner of Team FNV. #TheAnswerisCraisins http://bit.ly/2wr4Crs",13,2,2,"1,723","1,528","1,646","1,723",2,,FALSE,n/a,n/a,2017-08-21T15:45:28+00:00
Ocean Spray,US*** Consumer Goods - Beverages - Juices / Juice Drinks,"1,661,886",link,,16,0.42%,https://www.facebook.com/117917151585263/posts/1564853963558234,Love a good drama? Stunning Carly Hughes from #AmericanHousewife sips an #OceanSpray signature #TVAwards cranberry cocktail at the Kari Feinstein Public Relations #StyleLounge in preparation for Sunday's #AwardsShow - Get the recipe for The Dramatic Diva for your pre-awards show party here: www.oceanspray.com/Recipes/Corporate/Drinks-Cocktails/The-Dramatic-Diva.aspx,15,0,1,0,0,0,0,0,,FALSE,n/a,n/a,2017-09-16T23:49:26+00:00
Ocean Spray,US*** Consumer Goods - Beverages - Juices / Juice Drinks,"1,661,886",photo,,15,0.39%,https://www.facebook.com/117917151585263/posts/1564627063580924,Curtiss Cook from #HouseofCards enters our house of cranberries at the Kari Feinstein Public Relations #StyleLounge in #Hollywood #TVAwards,15,0,0,0,0,0,0,0,,FALSE,n/a,n/a,2017-09-16T18:00:25+00:00
Ocean Spray,US*** Consumer Goods - Beverages - Juices / Juice Drinks,"1,661,886",video,,15,0.39%,https://www.facebook.com/117917151585263/posts/1539763416067289,"Delicious, nutritious and flavorfully fun, CraisinsÂ® Dried Cranberries are an easy grab for your beach bag. #TheAnswerIsCraisins http://bit.ly/1BuLB1D",14,0,1,"1,784","1,589","1,702","1,784",0,,FALSE,n/a,n/a,2017-08-19T11:00:00+00:00
Ocean Spray,US*** Consumer Goods - Beverages - Juices / Juice Drinks,"1,661,886",link,,15,0.39%,https://www.facebook.com/117917151585263/posts/1459466847430280,Happy Monday! Power through your work week and keep your snack game strong with CraisinsÂ® Dried Cranberries.,11,1,3,0,0,0,0,20,,FALSE,n/a,n/a,2017-06-19T13:30:00+00:00
Ocean Spray,US*** Consumer Goods - Beverages - Juices / Juice Drinks,"1,661,886",photo,,14,0.36%,https://www.facebook.com/117917151585263/posts/1603578159685814,Make your kitchen smell like autumnal heaven. See this and other upcoming delicious recipes now featuring Ocean SprayÂ® CraisinsÂ® Dried Cranberries in #HelloFresh meal kits. Let us know if you try it! http://spr.ly/61888hrQE #HallowFresh,13,0,1,0,0,0,0,0,,FALSE,n/a,n/a,2017-10-31T19:42:01+00:00
Ocean Spray,US*** Consumer Goods - Beverages - Juices / Juice Drinks,"1,661,886",video,,13,0.34%,https://www.facebook.com/117917151585263/posts/1536938486349782,"Ocean Spray and Team FNV know how to keep the good times rolling, whether you're out on a quick bike ride to enjoy the warm afternoon air or to that new park with the whole family. How do you enjoy your CraisinsÂ® Dried Cranberries during summer activities? #TheAnswerisCraisins http://bit.ly/1BuLB1D",12,1,0,"1,091",948,"1,010","1,091",2,,FALSE,n/a,n/a,2017-08-15T14:00:23+00:00
Ocean Spray,US*** Consumer Goods - Beverages - Juices / Juice Drinks,"1,661,886",photo,,11,0.29%,https://www.facebook.com/117917151585263/posts/1586583811385249,Ocean Spray updated their cover photo.,11,0,0,0,0,0,0,0,,FALSE,n/a,n/a,2017-10-13T02:07:33+00:00
Ocean Spray,US*** Consumer Goods - Beverages - Juices / Juice Drinks,"1,661,886",photo,,9,0.23%,https://www.facebook.com/117917151585263/posts/1460360234007608,Ocean Spray updated their cover photo.,9,0,0,0,0,0,0,0,,FALSE,n/a,n/a,2017-06-01T14:47:42+00:00