ISSUE_DATE,ISSUE_TIME,FINE_AMOUNT,TICKET_LOCATION_STREET,VIOLATION DESCRIPTION,TIME,DOW
4/11/16,16:43,$20.00,LOT 29A - EMU VIS LOT,OVERTIME PAYSTATION,16,Mon
4/6/16,14:08,$20.00,LOT 29A - EMU VIS LOT,OVERTIME PAYSTATION,14,Wed
2/23/16,11:38,$20.00,LOT 29A - EMU VIS LOT,OVERTIME PAYSTATION,11,Tue
2/25/16,8:49,$20.00,LOT 29A - EMU VIS LOT,OVERTIME PAYSTATION,8,Thu
2/29/16,10:28,$20.00,LOT 29A - EMU VIS LOT,OVERTIME PAYSTATION,10,Mon
1/20/16,11:24,$20.00,LOT 29A - EMU VIS LOT,OVERTIME PAYSTATION,11,Wed
1/25/16,11:32,$20.00,LOT 29A - EMU VIS LOT,OVERTIME PAYSTATION,11,Mon
12/8/15,9:05,$20.00,LOT 29A - EMU VIS LOT,OVERTIME PAYSTATION,9,Tue
2/25/16,8:46,$20.00,LOT 29A - EMU VIS LOT,OVERTIME PAYSTATION,8,Thu
2/25/16,8:48,$20.00,LOT 29A - EMU VIS LOT,OVERTIME PAYSTATION,8,Thu
5/5/16,16:26,$75.00,LOT 29A - EMU VIS LOT,RESERVED SPACE,16,Thu
5/5/16,16:27,$75.00,LOT 29A - EMU VIS LOT,RESERVED SPACE,16,Thu
5/9/16,10:39,$20.00,LOT 29A - EMU VIS LOT,OVERTIME PAYSTATION,10,Mon
5/6/16,14:01,$75.00,LOT 29A - EMU VIS LOT,RESERVED SPACE,14,Fri
12/8/15,9:11,$20.00,LOT 29A - EMU VIS LOT,OVERTIME PAYSTATION,9,Tue
3/16/16,10:04,$40.00,LOT 29A - EMU VIS LOT,NO UO PERMIT,10,Wed
1/14/16,14:33,$20.00,LOT 29A - EMU VIS LOT,OVERTIME PAYSTATION,14,Thu
2/21/17,8:45,$20.00,LOT 29A - EMU VIS LOT,OVERTIME PAYSTATION,8,Tue
2/21/17,8:46,$20.00,LOT 29A - EMU VIS LOT,OVERTIME PAYSTATION,8,Tue
2/21/17,8:47,$20.00,LOT 29A - EMU VIS LOT,OVERTIME PAYSTATION,8,Tue
2/21/17,8:48,$20.00,LOT 29A - EMU VIS LOT,OVERTIME PAYSTATION,8,Tue
2/21/17,10:36,$20.00,LOT 29A - EMU VIS LOT,OVERTIME PAYSTATION,10,Tue
3/18/16,4:43,$35.00,LOT 29A - EMU VIS LOT,NO OVERNIGHT PARKING,4,Fri
5/13/16,10:45,$20.00,LOT 29A - EMU VIS LOT,OVERTIME PAYSTATION,10,Fri
5/16/16,10:34,$20.00,LOT 29A - EMU VIS LOT,OVERTIME PAYSTATION,10,Mon
5/13/16,10:48,$20.00,LOT 29A - EMU VIS LOT,OVERTIME PAYSTATION,10,Fri
3/15/16,10:02,$20.00,LOT 29A - EMU VIS LOT,OVERTIME PAYSTATION,10,Tue
5/23/16,11:06,$20.00,LOT 29A - EMU VIS LOT,OVERTIME PAYSTATION,11,Mon
2/24/17,15:27,$20.00,LOT 29A - EMU VIS LOT,OVERTIME LOT METER,15,Fri
3/2/16,11:57,$20.00,LOT 29A - EMU VIS LOT,OVERTIME PAYSTATION,11,Wed
3/2/16,11:58,$20.00,LOT 29A - EMU VIS LOT,OVERTIME PAYSTATION,11,Wed
10/28/15,10:25,$20.00,LOT 29A - EMU VIS LOT,OVERTIME LOT METER,10,Wed
10/28/15,10:23,$20.00,LOT 29A - EMU VIS LOT,OVERTIME LOT METER,10,Wed
2/29/16,10:26,$20.00,LOT 29A - EMU VIS LOT,OVERTIME PAYSTATION,10,Mon
1/14/16,14:30,$20.00,LOT 29A - EMU VIS LOT,OVERTIME PAYSTATION,14,Thu
1/14/16,14:31,$20.00,LOT 29A - EMU VIS LOT,OVERTIME PAYSTATION,14,Thu
1/25/16,14:21,$40.00,LOT 29A - EMU VIS LOT,NO UO PERMIT,14,Mon
5/16/16,10:32,$20.00,LOT 29A - EMU VIS LOT,OVERTIME PAYSTATION,10,Mon
5/13/16,10:42,$20.00,LOT 29A - EMU VIS LOT,OVERTIME PAYSTATION,10,Fri
3/30/16,11:10,$20.00,LOT 29A - EMU VIS LOT,OVERTIME PAYSTATION,11,Wed
3/30/16,11:06,$20.00,LOT 29A - EMU VIS LOT,OVERTIME PAYSTATION,11,Wed
3/30/16,11:08,$35.00,LOT 29A - EMU VIS LOT,OVERLINE/TAKE THE SPACE OF,11,Wed
3/15/16,10:05,$35.00,LOT 29A - EMU VIS LOT,AREA NOT DESIGNATED,10,Tue
3/15/16,10:06,$20.00,LOT 29A - EMU VIS LOT,OVERTIME PAYSTATION,10,Tue
3/15/16,10:08,$20.00,LOT 29A - EMU VIS LOT,OVERTIME PAYSTATION,10,Tue
3/9/16,13:16,$20.00,LOT 29A - EMU VIS LOT,OVERTIME PAYSTATION,13,Wed
5/26/16,10:54,$20.00,LOT 29A - EMU VIS LOT,OVERTIME PAYSTATION,10,Thu
2/24/17,14:03,$20.00,LOT 29A - EMU VIS LOT,OVERTIME PAYSTATION,14,Fri
2/24/17,14:05,$20.00,LOT 29A - EMU VIS LOT,OVERTIME PAYSTATION,14,Fri
1/25/16,14:24,$20.00,LOT 29A - EMU VIS LOT,OVERTIME PAYSTATION,14,Mon
1/25/16,14:25,$20.00,LOT 29A - EMU VIS LOT,OVERTIME PAYSTATION,14,Mon
1/28/16,11:05,$20.00,LOT 29A - EMU VIS LOT,OVERTIME PAYSTATION,11,Thu
6/22/16,10:48,$20.00,LOT 29A - EMU VIS LOT,OVERTIME PAYSTATION,10,Wed
2/22/17,10:37,$20.00,LOT 29A - EMU VIS LOT,OVERTIME PAYSTATION,10,Wed
2/22/17,14:11,$20.00,LOT 29A - EMU VIS LOT,OVERTIME PAYSTATION,14,Wed
2/22/17,14:38,$20.00,LOT 29A - EMU VIS LOT,30 MINUTE ONLY ZONE,14,Wed
2/23/17,9:04,$20.00,LOT 29A - EMU VIS LOT,OVERTIME PAYSTATION,9,Thu
5/6/16,15:22,$75.00,LOT 29A - EMU VIS LOT,RESERVED SPACE,15,Fri
5/19/16,11:34,$20.00,LOT 29A - EMU VIS LOT,OVERTIME PAYSTATION,11,Thu
5/11/16,8:35,$20.00,LOT 29A - EMU VIS LOT,OVERTIME PAYSTATION,8,Wed
2/20/17,16:46,$20.00,LOT 29A - EMU VIS LOT,OVERTIME LOT METER,16,Mon
2/21/17,8:40,$20.00,LOT 29A - EMU VIS LOT,OVERTIME PAYSTATION,8,Tue
2/21/17,8:41,$20.00,LOT 29A - EMU VIS LOT,OVERTIME PAYSTATION,8,Tue
2/21/17,8:44,$20.00,LOT 29A - EMU VIS LOT,OVERTIME PAYSTATION,8,Tue
6/21/16,11:43,$20.00,LOT 29A - EMU VIS LOT,OVERTIME PAYSTATION,11,Tue
10/28/15,10:21,$20.00,LOT 29A - EMU VIS LOT,OVERTIME LOT METER,10,Wed
1/11/16,11:08,$20.00,LOT 29A - EMU VIS LOT,OVERTIME PAYSTATION,11,Mon
1/11/16,11:10,$20.00,LOT 29A - EMU VIS LOT,OVERTIME PAYSTATION,11,Mon
12/4/15,9:27,$20.00,LOT 29A - EMU VIS LOT,OVERTIME STREET MTR,9,Fri
12/4/15,9:29,$20.00,LOT 29A - EMU VIS LOT,OVERTIME PAYSTATION,9,Fri
12/4/15,9:30,$20.00,LOT 29A - EMU VIS LOT,OVERTIME PAYSTATION,9,Fri
12/4/15,9:32,$40.00,LOT 29A - EMU VIS LOT,NO UO PERMIT,9,Fri
1/11/16,11:12,$20.00,LOT 29A - EMU VIS LOT,OVERTIME PAYSTATION,11,Mon
6/21/16,8:27,$20.00,LOT 29A - EMU VIS LOT,OVERTIME PAYSTATION,8,Tue
6/21/16,8:28,$20.00,LOT 29A - EMU VIS LOT,OVERTIME PAYSTATION,8,Tue
6/21/16,8:30,$0.00,LOT 29A - EMU VIS LOT,OVERTIME PAYSTATION,8,Tue
6/27/16,11:22,$20.00,LOT 29A - EMU VIS LOT,OVERTIME PAYSTATION,11,Mon
2/21/17,10:38,$20.00,LOT 29A - EMU VIS LOT,OVERTIME PAYSTATION,10,Tue
1/28/16,11:39,$20.00,LOT 29A - EMU VIS LOT,OVERTIME PAYSTATION,11,Thu
1/26/16,8:28,$20.00,LOT 29A - EMU VIS LOT,OVERTIME LOT METER,8,Tue
2/1/16,11:06,$20.00,LOT 29A - EMU VIS LOT,OVERTIME PAYSTATION,11,Mon
7/22/16,13:33,$20.00,LOT 29A - EMU VIS LOT,OVERTIME PAYSTATION,13,Fri
7/22/16,13:34,$20.00,LOT 29A - EMU VIS LOT,OVERTIME PAYSTATION,13,Fri
1/12/17,10:16,$20.00,LOT 29A - EMU VIS LOT,OVERTIME PAYSTATION,10,Thu
1/6/16,7:31,$20.00,LOT 29A - EMU VIS LOT,OVERTIME PAYSTATION,7,Wed
1/6/16,7:33,$20.00,LOT 29A - EMU VIS LOT,OVERTIME PAYSTATION,7,Wed
5/2/16,11:36,$20.00,LOT 29A - EMU VIS LOT,OVERTIME LOT METER,11,Mon
2/18/16,8:33,$20.00,LOT 29A - EMU VIS LOT,OVERTIME PAYSTATION,8,Thu
11/9/15,8:18,$20.00,LOT 29A - EMU VIS LOT,OVERTIME PAYSTATION,8,Mon
4/1/16,10:44,$20.00,LOT 29A - EMU VIS LOT,OVERTIME PAYSTATION,10,Fri
4/1/16,10:40,$35.00,LOT 29A - EMU VIS LOT,YELLOW ZONE,10,Fri
3/21/16,12:40,$20.00,LOT 29A - EMU VIS LOT,OVERTIME PAYSTATION,12,Mon
2/18/16,8:38,$20.00,LOT 29A - EMU VIS LOT,OVERTIME PAYSTATION,8,Thu
2/18/16,8:39,$20.00,LOT 29A - EMU VIS LOT,OVERTIME PAYSTATION,8,Thu
3/21/16,12:38,$20.00,LOT 29A - EMU VIS LOT,OVERTIME PAYSTATION,12,Mon
2/29/16,8:37,$20.00,LOT 29A - EMU VIS LOT,OVERTIME PAYSTATION,8,Mon
1/21/16,10:41,$20.00,LOT 29A - EMU VIS LOT,OVERTIME PAYSTATION,10,Thu
1/15/16,15:59,$20.00,LOT 29A - EMU VIS LOT,OVERTIME LOT METER,15,Fri
11/20/15,8:57,$20.00,LOT 29A - EMU VIS LOT,OVERTIME PAYSTATION,8,Fri
1/21/16,10:43,$20.00,LOT 29A - EMU VIS LOT,OVERTIME PAYSTATION,10,Thu
1/26/16,8:32,$20.00,LOT 29A - EMU VIS LOT,OVERTIME PAYSTATION,8,Tue
1/26/16,8:30,$20.00,LOT 29A - EMU VIS LOT,OVERTIME PAYSTATION,8,Tue
2/23/17,14:56,$20.00,LOT 29A - EMU VIS LOT,OVERTIME PAYSTATION,14,Thu
2/3/16,11:53,$35.00,LOT 29A - EMU VIS LOT,IMPROPER PARKING,11,Wed
3/9/16,13:18,$20.00,LOT 29A - EMU VIS LOT,OVERTIME PAYSTATION,13,Wed
11/19/15,13:32,$20.00,LOT 29A - EMU VIS LOT,OVERTIME LOT METER,13,Thu
11/19/15,13:34,$20.00,LOT 29A - EMU VIS LOT,OVERTIME LOT METER,13,Thu
11/19/15,13:39,$0.00,LOT 29A - EMU VIS LOT,IMPROPER PARKING,13,Thu
1/28/16,16:14,$20.00,LOT 29A - EMU VIS LOT,OVERTIME PAYSTATION,16,Thu
1/18/17,14:39,$20.00,LOT 29A - EMU VIS LOT,OVERTIME PAYSTATION,14,Wed
5/4/16,15:26,$0.00,LOT 29A - EMU VIS LOT,TOWING FEE,15,Wed
5/4/16,15:28,$75.00,LOT 29A - EMU VIS LOT,RESERVED SPACE,15,Wed
1/21/16,10:29,$20.00,LOT 29A - EMU VIS LOT,OVERTIME PAYSTATION,10,Thu
9/30/16,11:34,$20.00,LOT 29A - EMU VIS LOT,OVERTIME PAYSTATION,11,Fri
3/28/16,14:09,$20.00,LOT 29A - EMU VIS LOT,OVERTIME PAYSTATION,14,Mon
12/2/16,4:07,$35.00,LOT 29A - EMU VIS LOT,NO OVERNIGHT PARKING,4,Fri
1/19/17,9:02,$20.00,LOT 29A - EMU VIS LOT,OVERTIME PAYSTATION,9,Thu
1/19/17,9:05,$20.00,LOT 29A - EMU VIS LOT,OVERTIME PAYSTATION,9,Thu
1/19/17,9:03,$20.00,LOT 29A - EMU VIS LOT,OVERTIME PAYSTATION,9,Thu
1/11/17,14:32,$20.00,LOT 29A - EMU VIS LOT,OVERTIME PAYSTATION,14,Wed
1/11/17,10:54,$20.00,LOT 29A - EMU VIS LOT,OVERTIME PAYSTATION,10,Wed
9/28/16,10:28,$20.00,LOT 29A - EMU VIS LOT,OVERTIME PAYSTATION,10,Wed
1/28/16,16:17,$20.00,LOT 29A - EMU VIS LOT,OVERTIME PAYSTATION,16,Thu
2/9/16,11:48,$20.00,LOT 29A - EMU VIS LOT,OVERTIME PAYSTATION,11,Tue
5/6/16,15:23,$75.00,LOT 29A - EMU VIS LOT,RESERVED SPACE,15,Fri
2/18/16,8:35,$20.00,LOT 29A - EMU VIS LOT,OVERTIME PAYSTATION,8,Thu
2/18/16,8:34,$20.00,LOT 29A - EMU VIS LOT,OVERTIME PAYSTATION,8,Thu
2/18/16,8:36,$35.00,LOT 29A - EMU VIS LOT,OVERLINE/TAKE THE SPACE OF,8,Thu
2/29/16,8:36,$20.00,LOT 29A - EMU VIS LOT,OVERTIME PAYSTATION,8,Mon
5/4/16,15:25,$75.00,LOT 29A - EMU VIS LOT,RESERVED SPACE,15,Wed
12/2/15,8:15,$20.00,LOT 29A - EMU VIS LOT,OVERTIME PAYSTATION,8,Wed
12/2/15,8:13,$20.00,LOT 29A - EMU VIS LOT,OVERTIME PAYSTATION,8,Wed
1/6/16,7:34,$20.00,LOT 29A - EMU VIS LOT,OVERTIME PAYSTATION,7,Wed
2/18/16,8:37,$20.00,LOT 29A - EMU VIS LOT,OVERTIME PAYSTATION,8,Thu
1/15/16,16:04,$20.00,LOT 29A - EMU VIS LOT,OVERTIME PAYSTATION,16,Fri
11/20/15,8:58,$20.00,LOT 29A - EMU VIS LOT,OVERTIME PAYSTATION,8,Fri
1/15/16,16:07,$20.00,LOT 29A - EMU VIS LOT,OVERTIME PAYSTATION,16,Fri
1/21/16,10:27,$20.00,LOT 29A - EMU VIS LOT,OVERTIME PAYSTATION,10,Thu
9/29/16,11:33,$20.00,LOT 29A - EMU VIS LOT,OVERTIME PAYSTATION,11,Thu
1/18/17,14:37,$20.00,LOT 29A - EMU VIS LOT,OVERTIME PAYSTATION,14,Wed
1/18/17,11:01,$20.00,LOT 29A - EMU VIS LOT,OVERTIME PAYSTATION,11,Wed
1/17/17,14:17,$20.00,LOT 29A - EMU VIS LOT,OVERTIME PAYSTATION,14,Tue
1/17/17,14:20,$20.00,LOT 29A - EMU VIS LOT,OVERTIME PAYSTATION,14,Tue
5/4/16,16:07,$75.00,LOT 29A - EMU VIS LOT,RESERVED SPACE,16,Wed
11/21/16,13:29,$20.00,LOT 29A - EMU VIS LOT,OVERTIME PAYSTATION,13,Mon
1/18/17,14:41,$20.00,LOT 29A - EMU VIS LOT,OVERTIME PAYSTATION,14,Wed
1/11/17,14:29,$20.00,LOT 29A - EMU VIS LOT,OVERTIME PAYSTATION,14,Wed
1/17/17,11:13,$20.00,LOT 29A - EMU VIS LOT,OVERTIME PAYSTATION,11,Tue
1/13/17,11:22,$20.00,LOT 29A - EMU VIS LOT,OVERTIME PAYSTATION,11,Fri
1/3/17,14:04,$20.00,LOT 29A - EMU VIS LOT,OVERTIME PAYSTATION,14,Tue
1/3/17,14:02,$20.00,LOT 29A - EMU VIS LOT,OVERTIME PAYSTATION,14,Tue
1/3/17,14:03,$20.00,LOT 29A - EMU VIS LOT,OVERTIME PAYSTATION,14,Tue
12/20/16,8:51,$20.00,LOT 29A - EMU VIS LOT,OVERTIME PAYSTATION,8,Tue
12/14/16,15:56,$20.00,LOT 29A - EMU VIS LOT,30 MINUTE ONLY ZONE,15,Wed
12/9/16,15:59,$20.00,LOT 29A - EMU VIS LOT,OVERTIME PAYSTATION,15,Fri
11/14/16,10:00,$20.00,LOT 29A - EMU VIS LOT,OVERTIME PAYSTATION,10,Mon
11/14/16,10:03,$20.00,LOT 29A - EMU VIS LOT,OVERTIME PAYSTATION,10,Mon
11/14/16,16:50,$20.00,LOT 29A - EMU VIS LOT,OVERTIME PAYSTATION,16,Mon
9/8/16,11:46,$20.00,LOT 29A - EMU VIS LOT,OVERTIME PAYSTATION,11,Thu
11/7/16,16:15,$20.00,LOT 29A - EMU VIS LOT,OVERTIME PAYSTATION,16,Mon
11/7/16,16:17,$20.00,LOT 29A - EMU VIS LOT,OVERTIME PAYSTATION,16,Mon
11/7/16,16:18,$20.00,LOT 29A - EMU VIS LOT,OVERTIME PAYSTATION,16,Mon
10/19/16,10:31,$20.00,LOT 29A - EMU VIS LOT,OVERTIME PAYSTATION,10,Wed
10/21/16,8:34,$20.00,LOT 29A - EMU VIS LOT,OVERTIME PAYSTATION,8,Fri
8/9/16,14:46,$20.00,LOT 29A - EMU VIS LOT,OVERTIME PAYSTATION,14,Tue
8/4/16,14:36,$20.00,LOT 29A - EMU VIS LOT,OVERTIME PAYSTATION,14,Thu
8/9/16,14:49,$20.00,LOT 29A - EMU VIS LOT,OVERTIME PAYSTATION,14,Tue
5/11/16,10:36,$20.00,LOT 29A - EMU VIS LOT,OVERTIME PAYSTATION,10,Wed
5/6/16,16:14,$75.00,LOT 29A - EMU VIS LOT,RESERVED SPACE,16,Fri
12/19/16,7:23,$20.00,LOT 29A - EMU VIS LOT,OVERTIME PAYSTATION,7,Mon
12/14/16,14:41,$20.00,LOT 29A - EMU VIS LOT,OVERTIME PAYSTATION,14,Wed
12/14/16,15:19,$35.00,LOT 29A - EMU VIS LOT,AREA NOT DESIGNATED,15,Wed
12/14/16,14:43,$20.00,LOT 29A - EMU VIS LOT,OVERTIME PAYSTATION,14,Wed
12/2/16,10:57,$20.00,LOT 29A - EMU VIS LOT,OVERTIME PAYSTATION,10,Fri
12/2/16,10:59,$20.00,LOT 29A - EMU VIS LOT,OVERTIME PAYSTATION,10,Fri
11/22/16,7:59,$20.00,LOT 29A - EMU VIS LOT,OVERTIME PAYSTATION,7,Tue
11/22/16,8:00,$20.00,LOT 29A - EMU VIS LOT,OVERTIME PAYSTATION,8,Tue
3/28/16,14:10,$20.00,LOT 29A - EMU VIS LOT,OVERTIME PAYSTATION,14,Mon
8/12/16,10:29,$20.00,LOT 29A - EMU VIS LOT,OVERTIME PAYSTATION,10,Fri
5/6/16,16:14,$50.00,LOT 29A - EMU VIS LOT,BOOT FEE,16,Fri
5/24/16,14:12,$20.00,LOT 29A - EMU VIS LOT,OVERTIME PAYSTATION,14,Tue
7/7/16,15:10,$20.00,LOT 29A - EMU VIS LOT,OVERTIME PAYSTATION,15,Thu
8/4/16,14:37,$20.00,LOT 29A - EMU VIS LOT,OVERTIME PAYSTATION,14,Thu
8/12/16,10:30,$20.00,LOT 29A - EMU VIS LOT,OVERTIME PAYSTATION,10,Fri
1/12/16,10:36,$20.00,LOT 29A - EMU VIS LOT,OVERTIME PAYSTATION,10,Tue
11/7/16,11:10,$20.00,LOT 29A - EMU VIS LOT,OVERTIME PAYSTATION,11,Mon
10/20/16,16:51,$20.00,LOT 29A - EMU VIS LOT,OVERTIME PAYSTATION,16,Thu
12/9/16,10:25,$20.00,LOT 29A - EMU VIS LOT,OVERTIME PAYSTATION,10,Fri
12/9/16,10:26,$20.00,LOT 29A - EMU VIS LOT,OVERTIME PAYSTATION,10,Fri
12/9/16,4:01,$35.00,LOT 29A - EMU VIS LOT,NO OVERNIGHT PARKING,4,Fri
8/19/16,10:14,$20.00,LOT 29A - EMU VIS LOT,OVERTIME PAYSTATION,10,Fri
8/16/16,8:21,$20.00,LOT 29A - EMU VIS LOT,OVERTIME PAYSTATION,8,Tue
11/21/16,13:27,$20.00,LOT 29A - EMU VIS LOT,OVERTIME PAYSTATION,13,Mon
9/8/16,11:47,$20.00,LOT 29A - EMU VIS LOT,OVERTIME PAYSTATION,11,Thu
9/29/16,16:23,$20.00,LOT 29A - EMU VIS LOT,OVERTIME PAYSTATION,16,Thu
10/20/16,14:03,$20.00,LOT 29A - EMU VIS LOT,OVERTIME PAYSTATION,14,Thu
11/14/16,16:51,$20.00,LOT 29A - EMU VIS LOT,OVERTIME PAYSTATION,16,Mon
11/30/16,16:36,$20.00,LOT 29A - EMU VIS LOT,OVERTIME PAYSTATION,16,Wed
12/2/16,15:27,$20.00,LOT 29A - EMU VIS LOT,OVERTIME LOT METER,15,Fri
9/8/16,11:42,$20.00,LOT 29A - EMU VIS LOT,OVERTIME PAYSTATION,11,Thu
9/8/16,11:45,$20.00,LOT 29A - EMU VIS LOT,OVERTIME PAYSTATION,11,Thu
8/15/16,14:30,$20.00,LOT 29A - EMU VIS LOT,OVERTIME PAYSTATION,14,Mon
6/23/16,14:52,$20.00,LOT 29A - EMU VIS LOT,OVERTIME PAYSTATION,14,Thu
8/15/16,14:33,$20.00,LOT 29A - EMU VIS LOT,OVERTIME PAYSTATION,14,Mon
8/15/16,14:31,$20.00,LOT 29A - EMU VIS LOT,OVERTIME PAYSTATION,14,Mon
5/6/16,16:12,$75.00,LOT 29A - EMU VIS LOT,RESERVED SPACE,16,Fri
6/6/16,11:01,$20.00,LOT 29A - EMU VIS LOT,OVERTIME PAYSTATION,11,Mon
11/30/16,16:36,$20.00,LOT 29A - EMU VIS LOT,OVERTIME PAYSTATION,16,Wed
11/30/16,3:52,$35.00,LOT 29A - EMU VIS LOT,NO OVERNIGHT PARKING,3,Wed
11/29/16,14:14,$20.00,LOT 29A - EMU VIS LOT,OVERTIME PAYSTATION,14,Tue
11/30/16,3:53,$35.00,LOT 29A - EMU VIS LOT,NO OVERNIGHT PARKING,3,Wed
11/29/16,14:18,$20.00,LOT 29A - EMU VIS LOT,OVERTIME PAYSTATION,14,Tue
6/2/16,14:22,$20.00,LOT 29A - EMU VIS LOT,OVERTIME PAYSTATION,14,Thu
6/6/16,10:56,$20.00,LOT 29A - EMU VIS LOT,OVERTIME PAYSTATION,10,Mon
6/6/16,10:59,$20.00,LOT 29A - EMU VIS LOT,OVERTIME PAYSTATION,10,Mon
12/12/16,11:12,$20.00,LOT 29A - EMU VIS LOT,OVERTIME PAYSTATION,11,Mon
12/12/16,11:14,$20.00,LOT 29A - EMU VIS LOT,OVERTIME PAYSTATION,11,Mon
3/7/16,15:30,$40.00,LOT 29A - EMU VIS LOT,NO UO PERMIT,15,Mon
11/20/15,9:00,$20.00,LOT 29A - EMU VIS LOT,OVERTIME PAYSTATION,9,Fri
1/15/16,16:07,$20.00,LOT 29A - EMU VIS LOT,OVERTIME LOT METER,16,Fri
1/15/16,16:10,$35.00,LOT 29A - EMU VIS LOT,OVERLINE/TAKE THE SPACE OF,16,Fri
1/21/16,10:45,$20.00,LOT 29A - EMU VIS LOT,OVERTIME PAYSTATION,10,Thu
1/29/16,4:32,$35.00,LOT 29A - EMU VIS LOT,NO PARKING ZONE,4,Fri
3/7/16,15:33,$20.00,LOT 29A - EMU VIS LOT,OVERTIME PAYSTATION,15,Mon
12/13/16,11:21,$20.00,LOT 29A - EMU VIS LOT,OVERTIME PAYSTATION,11,Tue
12/9/16,10:21,$20.00,LOT 29A - EMU VIS LOT,OVERTIME PAYSTATION,10,Fri
12/9/16,10:22,$20.00,LOT 29A - EMU VIS LOT,OVERTIME PAYSTATION,10,Fri
12/9/16,10:23,$20.00,LOT 29A - EMU VIS LOT,OVERTIME PAYSTATION,10,Fri
12/12/16,11:16,$20.00,LOT 29A - EMU VIS LOT,OVERTIME PAYSTATION,11,Mon
11/30/16,16:37,$20.00,LOT 29A - EMU VIS LOT,OVERTIME PAYSTATION,16,Wed
11/30/16,16:39,$20.00,LOT 29A - EMU VIS LOT,OVERTIME PAYSTATION,16,Wed
12/1/16,11:15,$20.00,LOT 29A - EMU VIS LOT,OVERTIME PAYSTATION,11,Thu
12/1/16,11:14,$20.00,LOT 29A - EMU VIS LOT,OVERTIME PAYSTATION,11,Thu
12/1/16,4:03,$35.00,LOT 29A - EMU VIS LOT,NO OVERNIGHT PARKING,4,Thu
12/1/16,4:04,$35.00,LOT 29A - EMU VIS LOT,NO OVERNIGHT PARKING,4,Thu
11/30/16,16:37,$20.00,LOT 29A - EMU VIS LOT,OVERTIME PAYSTATION,16,Wed
11/30/16,16:39,$20.00,LOT 29A - EMU VIS LOT,OVERTIME PAYSTATION,16,Wed
11/29/16,14:13,$0.00,LOT 29A - EMU VIS LOT,BOOT WARNING,14,Tue
11/30/16,11:43,$20.00,LOT 29A - EMU VIS LOT,OVERTIME PAYSTATION,11,Wed
11/18/16,4:05,$35.00,LOT 29A - EMU VIS LOT,NO OVERNIGHT PARKING,4,Fri
11/17/16,13:22,$20.00,LOT 29A - EMU VIS LOT,OVERTIME PAYSTATION,13,Thu
11/17/16,13:21,$20.00,LOT 29A - EMU VIS LOT,OVERTIME PAYSTATION,13,Thu
11/16/16,13:56,$20.00,LOT 29A - EMU VIS LOT,OVERTIME PAYSTATION,13,Wed
11/16/16,13:57,$20.00,LOT 29A - EMU VIS LOT,OVERTIME PAYSTATION,13,Wed
11/14/16,16:56,$20.00,LOT 29A - EMU VIS LOT,OVERTIME PAYSTATION,16,Mon
11/9/16,7:39,$75.00,LOT 29A - EMU VIS LOT,RESERVED SPACE,7,Wed
11/9/16,4:05,$35.00,LOT 29A - EMU VIS LOT,NO OVERNIGHT PARKING,4,Wed
11/9/16,4:06,$35.00,LOT 29A - EMU VIS LOT,NO OVERNIGHT PARKING,4,Wed
11/8/16,10:47,$20.00,LOT 29A - EMU VIS LOT,OVERTIME PAYSTATION,10,Tue
11/8/16,10:48,$20.00,LOT 29A - EMU VIS LOT,OVERTIME PAYSTATION,10,Tue
11/8/16,10:50,$20.00,LOT 29A - EMU VIS LOT,OVERTIME PAYSTATION,10,Tue
3/1/17,10:19,$150.00,LOT 29A - EMU VIS LOT,RESERVE & TOW,10,Wed
12/2/16,15:25,$20.00,LOT 29A - EMU VIS LOT,OVERTIME LOT METER,15,Fri
11/21/16,13:23,$20.00,LOT 29A - EMU VIS LOT,OVERTIME PAYSTATION,13,Mon
11/18/16,10:43,$20.00,LOT 29A - EMU VIS LOT,OVERTIME PAYSTATION,10,Fri
11/14/16,11:17,$20.00,LOT 29A - EMU VIS LOT,OVERTIME PAYSTATION,11,Mon
11/18/16,10:45,$20.00,LOT 29A - EMU VIS LOT,OVERTIME PAYSTATION,10,Fri
11/4/16,10:58,$20.00,LOT 29A - EMU VIS LOT,OVERTIME PAYSTATION,10,Fri
11/4/16,11:00,$20.00,LOT 29A - EMU VIS LOT,OVERTIME PAYSTATION,11,Fri
11/3/16,10:53,$20.00,LOT 29A - EMU VIS LOT,OVERTIME PAYSTATION,10,Thu
11/3/16,10:51,$20.00,LOT 29A - EMU VIS LOT,OVERTIME PAYSTATION,10,Thu
11/1/16,9:08,$20.00,LOT 29A - EMU VIS LOT,OVERTIME PAYSTATION,9,Tue
11/1/16,9:10,$20.00,LOT 29A - EMU VIS LOT,OVERTIME PAYSTATION,9,Tue
12/6/16,14:52,$20.00,LOT 29A - EMU VIS LOT,OVERTIME PAYSTATION,14,Tue
12/6/16,14:55,$20.00,LOT 29A - EMU VIS LOT,OVERTIME PAYSTATION,14,Tue
12/6/16,14:53,$20.00,LOT 29A - EMU VIS LOT,OVERTIME PAYSTATION,14,Tue
10/20/16,14:04,$20.00,LOT 29A - EMU VIS LOT,OVERTIME PAYSTATION,14,Thu
9/11/15,8:25,$20.00,LOT 29A - EMU VIS LOT,OVERTIME LOT METER,8,Fri
10/18/16,11:04,$20.00,LOT 29A - EMU VIS LOT,OVERTIME PAYSTATION,11,Tue
10/14/16,10:30,$75.00,LOT 29A - EMU VIS LOT,RESERVED SPACE,10,Fri
10/14/16,16:34,$75.00,LOT 29A - EMU VIS LOT,RESERVED SPACE,16,Fri
12/5/16,4:28,$35.00,LOT 29A - EMU VIS LOT,NO OVERNIGHT PARKING,4,Mon
12/5/16,4:29,$35.00,LOT 29A - EMU VIS LOT,NO OVERNIGHT PARKING,4,Mon
12/5/16,4:30,$35.00,LOT 29A - EMU VIS LOT,NO OVERNIGHT PARKING,4,Mon
11/14/16,15:22,$20.00,LOT 29A - EMU VIS LOT,OVERTIME PAYSTATION,15,Mon
11/21/16,13:25,$20.00,LOT 29A - EMU VIS LOT,OVERTIME PAYSTATION,13,Mon
11/14/16,16:57,$20.00,LOT 29A - EMU VIS LOT,OVERTIME PAYSTATION,16,Mon
12/13/16,11:21,$20.00,LOT 29A - EMU VIS LOT,OVERTIME PAYSTATION,11,Tue
11/9/16,7:37,$75.00,LOT 29A - EMU VIS LOT,RESERVED SPACE,7,Wed
11/8/16,14:24,$20.00,LOT 29A - EMU VIS LOT,OVERTIME PAYSTATION,14,Tue
11/4/16,11:02,$20.00,LOT 29A - EMU VIS LOT,OVERTIME PAYSTATION,11,Fri
11/4/16,11:04,$20.00,LOT 29A - EMU VIS LOT,OVERTIME PAYSTATION,11,Fri
8/4/16,14:40,$20.00,LOT 29A - EMU VIS LOT,OVERTIME PAYSTATION,14,Thu
8/4/16,14:41,$20.00,LOT 29A - EMU VIS LOT,OVERTIME PAYSTATION,14,Thu
9/10/15,15:08,$20.00,LOT 29A - EMU VIS LOT,OVERTIME LOT METER,15,Thu
7/19/16,12:19,$20.00,LOT 29A - EMU VIS LOT,OVERTIME PAYSTATION,12,Tue
7/15/16,9:28,$20.00,LOT 29A - EMU VIS LOT,OVERTIME PAYSTATION,9,Fri
7/19/16,12:18,$20.00,LOT 29A - EMU VIS LOT,OVERTIME PAYSTATION,12,Tue
9/10/15,15:11,$20.00,LOT 29A - EMU VIS LOT,OVERTIME LOT METER,15,Thu
10/25/16,14:12,$20.00,LOT 29A - EMU VIS LOT,OVERTIME PAYSTATION,14,Tue
10/25/16,17:23,$35.00,LOT 29A - EMU VIS LOT,IMPROPER PARKING,17,Tue
10/26/16,10:48,$20.00,LOT 29A - EMU VIS LOT,OVERTIME PAYSTATION,10,Wed
10/25/16,14:09,$20.00,LOT 29A - EMU VIS LOT,OVERTIME PAYSTATION,14,Tue
10/25/16,9:03,$20.00,LOT 29A - EMU VIS LOT,OVERTIME PAYSTATION,9,Tue
10/25/16,9:04,$20.00,LOT 29A - EMU VIS LOT,OVERTIME PAYSTATION,9,Tue
10/25/16,10:53,$20.00,LOT 29A - EMU VIS LOT,OVERTIME PAYSTATION,10,Tue
10/14/16,14:13,$75.00,LOT 29A - EMU VIS LOT,RESERVED SPACE,14,Fri
10/14/16,10:25,$75.00,LOT 29A - EMU VIS LOT,RESERVED SPACE,10,Fri
10/14/16,10:26,$75.00,LOT 29A - EMU VIS LOT,RESERVED SPACE,10,Fri
10/13/16,13:57,$75.00,LOT 29A - EMU VIS LOT,RESERVED SPACE,13,Thu
10/13/16,16:21,$75.00,LOT 29A - EMU VIS LOT,RESERVED SPACE,16,Thu
10/4/16,4:11,$35.00,LOT 29A - EMU VIS LOT,NO OVERNIGHT PARKING,4,Tue
10/27/16,4:16,$35.00,LOT 29A - EMU VIS LOT,NO OVERNIGHT PARKING,4,Thu
10/27/16,4:17,$35.00,LOT 29A - EMU VIS LOT,NO OVERNIGHT PARKING,4,Thu
10/27/16,4:19,$35.00,LOT 29A - EMU VIS LOT,NO OVERNIGHT PARKING,4,Thu
10/25/16,14:14,$20.00,LOT 29A - EMU VIS LOT,OVERTIME PAYSTATION,14,Tue
10/25/16,14:15,$20.00,LOT 29A - EMU VIS LOT,OVERTIME PAYSTATION,14,Tue
10/25/16,14:50,$20.00,LOT 29A - EMU VIS LOT,OVERTIME PAYSTATION,14,Tue
10/26/16,10:50,$20.00,LOT 29A - EMU VIS LOT,OVERTIME PAYSTATION,10,Wed
10/24/16,14:34,$20.00,LOT 29A - EMU VIS LOT,OVERTIME PAYSTATION,14,Mon
10/24/16,10:31,$20.00,LOT 29A - EMU VIS LOT,OVERTIME PAYSTATION,10,Mon
10/13/16,16:23,$75.00,LOT 29A - EMU VIS LOT,RESERVED SPACE,16,Thu
10/13/16,16:24,$75.00,LOT 29A - EMU VIS LOT,RESERVED SPACE,16,Thu
6/29/16,13:31,$20.00,LOT 29A - EMU VIS LOT,OVERTIME PAYSTATION,13,Wed
6/21/16,8:25,$20.00,LOT 29A - EMU VIS LOT,OVERTIME PAYSTATION,8,Tue
6/29/16,13:31,$50.00,LOT 29A - EMU VIS LOT,BOOT FEE,13,Wed
6/7/16,10:49,$20.00,LOT 29A - EMU VIS LOT,OVERTIME PAYSTATION,10,Tue
6/3/16,10:21,$20.00,LOT 29A - EMU VIS LOT,OVERTIME PAYSTATION,10,Fri
9/15/15,11:02,$20.00,LOT 29A - EMU VIS LOT,OVERTIME PAYSTATION,11,Tue
10/24/16,4:22,$35.00,LOT 29A - EMU VIS LOT,NO OVERNIGHT PARKING,4,Mon
10/14/16,16:38,$75.00,LOT 29A - EMU VIS LOT,RESERVED SPACE,16,Fri
10/13/16,13:56,$75.00,LOT 29A - EMU VIS LOT,RESERVED SPACE,13,Thu
10/14/16,16:40,$75.00,LOT 29A - EMU VIS LOT,RESERVED SPACE,16,Fri
10/13/16,16:18,$75.00,LOT 29A - EMU VIS LOT,RESERVED SPACE,16,Thu
10/14/16,16:36,$75.00,LOT 29A - EMU VIS LOT,RESERVED SPACE,16,Fri
1/4/16,10:41,$40.00,LOT 29A - EMU VIS LOT,NO UO PERMIT,10,Mon
9/22/15,9:33,$20.00,LOT 29A - EMU VIS LOT,OVERTIME PAYSTATION,9,Tue
9/22/15,9:34,$20.00,LOT 29A - EMU VIS LOT,OVERTIME PAYSTATION,9,Tue
6/7/16,10:50,$20.00,LOT 29A - EMU VIS LOT,OVERTIME PAYSTATION,10,Tue
10/19/16,14:34,$20.00,LOT 29A - EMU VIS LOT,OVERTIME PAYSTATION,14,Wed
10/19/16,14:36,$20.00,LOT 29A - EMU VIS LOT,OVERTIME PAYSTATION,14,Wed
9/15/15,8:52,$20.00,LOT 29A - EMU VIS LOT,OVERTIME PAYSTATION,8,Tue
10/14/16,16:41,$75.00,LOT 29A - EMU VIS LOT,RESERVED SPACE,16,Fri
10/17/16,10:44,$20.00,LOT 29A - EMU VIS LOT,OVERTIME PAYSTATION,10,Mon
8/16/16,10:21,$20.00,LOT 29A - EMU VIS LOT,OVERTIME PAYSTATION,10,Tue
8/12/16,10:32,$20.00,LOT 29A - EMU VIS LOT,OVERTIME PAYSTATION,10,Fri
8/2/16,8:10,$20.00,LOT 29A - EMU VIS LOT,OVERTIME PAYSTATION,8,Tue
8/2/16,8:12,$20.00,LOT 29A - EMU VIS LOT,OVERTIME PAYSTATION,8,Tue
7/19/16,12:13,$20.00,LOT 29A - EMU VIS LOT,OVERTIME PAYSTATION,12,Tue
7/15/16,9:25,$20.00,LOT 29A - EMU VIS LOT,OVERTIME PAYSTATION,9,Fri
7/19/16,12:16,$20.00,LOT 29A - EMU VIS LOT,OVERTIME PAYSTATION,12,Tue
7/8/16,10:24,$20.00,LOT 29A - EMU VIS LOT,OVERTIME PAYSTATION,10,Fri
11/3/15,10:35,$40.00,LOT 29A - EMU VIS LOT,NO UO PERMIT,10,Tue
6/24/16,10:08,$20.00,LOT 29A - EMU VIS LOT,OVERTIME PAYSTATION,10,Fri
7/8/16,10:30,$75.00,LOT 29A - EMU VIS LOT,RESERVED SPACE,10,Fri
6/21/16,8:35,$20.00,LOT 29A - EMU VIS LOT,OVERTIME PAYSTATION,8,Tue
6/21/16,8:36,$20.00,LOT 29A - EMU VIS LOT,OVERTIME PAYSTATION,8,Tue
10/4/16,4:09,$35.00,LOT 29A - EMU VIS LOT,NO OVERNIGHT PARKING,4,Tue
9/28/16,17:10,$20.00,LOT 29A - EMU VIS LOT,OVERTIME PAYSTATION,17,Wed
9/28/16,17:12,$20.00,LOT 29A - EMU VIS LOT,OVERTIME PAYSTATION,17,Wed
10/13/16,13:59,$75.00,LOT 29A - EMU VIS LOT,RESERVED SPACE,13,Thu
10/11/16,17:05,$20.00,LOT 29A - EMU VIS LOT,OVERTIME PAYSTATION,17,Tue
10/11/16,17:08,$20.00,LOT 29A - EMU VIS LOT,OVERTIME PAYSTATION,17,Tue
10/10/16,9:30,$20.00,LOT 29A - EMU VIS LOT,OVERTIME PAYSTATION,9,Mon
10/10/16,9:32,$20.00,LOT 29A - EMU VIS LOT,OVERTIME PAYSTATION,9,Mon
9/29/16,16:24,$20.00,LOT 29A - EMU VIS LOT,OVERTIME PAYSTATION,16,Thu
9/27/16,10:24,$20.00,LOT 29A - EMU VIS LOT,OVERTIME PAYSTATION,10,Tue
9/7/16,10:10,$20.00,LOT 29A - EMU VIS LOT,OVERTIME PAYSTATION,10,Wed
9/7/16,10:08,$20.00,LOT 29A - EMU VIS LOT,OVERTIME PAYSTATION,10,Wed
9/7/16,10:12,$20.00,LOT 29A - EMU VIS LOT,OVERTIME PAYSTATION,10,Wed
8/23/16,10:56,$20.00,LOT 29A - EMU VIS LOT,OVERTIME PAYSTATION,10,Tue
9/14/16,10:13,$20.00,LOT 29A - EMU VIS LOT,OVERTIME PAYSTATION,10,Wed
9/14/16,10:15,$20.00,LOT 29A - EMU VIS LOT,OVERTIME PAYSTATION,10,Wed
5/19/16,14:39,$20.00,LOT 29A - EMU VIS LOT,OVERTIME PAYSTATION,14,Thu
9/15/15,11:03,$20.00,LOT 29A - EMU VIS LOT,OVERTIME PAYSTATION,11,Tue
9/15/15,11:06,$20.00,LOT 29A - EMU VIS LOT,OVERTIME PAYSTATION,11,Tue
9/16/15,7:38,$20.00,LOT 29A - EMU VIS LOT,OVERTIME PAYSTATION,7,Wed
4/26/16,12:22,$20.00,LOT 29A - EMU VIS LOT,OVERTIME PAYSTATION,12,Tue
9/18/15,8:39,$35.00,LOT 29A - EMU VIS LOT,AREA NOT DESIGNATED,8,Fri
9/7/16,10:06,$20.00,LOT 29A - EMU VIS LOT,OVERTIME PAYSTATION,10,Wed
8/16/16,10:24,$20.00,LOT 29A - EMU VIS LOT,OVERTIME PAYSTATION,10,Tue
5/6/16,17:38,$75.00,LOT 29A - EMU VIS LOT,RESERVED SPACE,17,Fri
5/24/16,14:13,$20.00,LOT 29A - EMU VIS LOT,OVERTIME PAYSTATION,14,Tue
5/19/16,14:40,$20.00,LOT 29A - EMU VIS LOT,OVERTIME PAYSTATION,14,Thu
4/26/16,12:18,$20.00,LOT 29A - EMU VIS LOT,OVERTIME PAYSTATION,12,Tue
6/24/16,10:10,$20.00,LOT 29A - EMU VIS LOT,OVERTIME PAYSTATION,10,Fri
6/28/16,11:28,$20.00,LOT 29A - EMU VIS LOT,OVERTIME PAYSTATION,11,Tue
5/27/16,8:31,$20.00,LOT 29A - EMU VIS LOT,OVERTIME PAYSTATION,8,Fri
5/16/16,14:27,$20.00,LOT 29A - EMU VIS LOT,OVERTIME PAYSTATION,14,Mon
5/16/16,14:29,$20.00,LOT 29A - EMU VIS LOT,OVERTIME PAYSTATION,14,Mon
12/2/15,10:13,$20.00,LOT 29A - EMU VIS LOT,OVERTIME PAYSTATION,10,Wed
12/2/15,10:15,$20.00,LOT 29A - EMU VIS LOT,OVERTIME PAYSTATION,10,Wed
1/4/16,10:38,$20.00,LOT 29A - EMU VIS LOT,OVERTIME PAYSTATION,10,Mon
3/7/16,15:37,$20.00,LOT 29A - EMU VIS LOT,OVERTIME PAYSTATION,15,Mon
5/19/16,14:42,$20.00,LOT 29A - EMU VIS LOT,OVERTIME PAYSTATION,14,Thu
5/24/16,14:14,$20.00,LOT 29A - EMU VIS LOT,OVERTIME PAYSTATION,14,Tue
7/7/16,15:11,$20.00,LOT 29A - EMU VIS LOT,OVERTIME PAYSTATION,15,Thu
10/11/16,11:17,$20.00,LOT 29A - EMU VIS LOT,OVERTIME PAYSTATION,11,Tue
10/6/16,15:37,$20.00,LOT 29A - EMU VIS LOT,OVERTIME PAYSTATION,15,Thu
10/6/16,15:39,$20.00,LOT 29A - EMU VIS LOT,OVERTIME PAYSTATION,15,Thu
9/30/16,10:15,$40.00,LOT 29A - EMU VIS LOT,NO UO PERMIT,10,Fri
9/17/15,14:39,$20.00,LOT 29A - EMU VIS LOT,OVERTIME LOT METER,14,Thu
4/1/16,14:48,$20.00,LOT 29A - EMU VIS LOT,OVERTIME PAYSTATION,14,Fri
5/6/16,17:36,$75.00,LOT 29A - EMU VIS LOT,RESERVED SPACE,17,Fri
5/6/16,16:18,$75.00,LOT 29A - EMU VIS LOT,RESERVED SPACE,16,Fri
9/17/15,14:40,$20.00,LOT 29A - EMU VIS LOT,OVERTIME LOT METER,14,Thu
9/17/15,14:41,$20.00,LOT 29A - EMU VIS LOT,OVERTIME LOT METER,14,Thu
9/17/15,14:43,$20.00,LOT 29A - EMU VIS LOT,OVERTIME LOT METER,14,Thu
4/1/16,14:50,$20.00,LOT 29A - EMU VIS LOT,OVERTIME PAYSTATION,14,Fri
9/17/15,10:25,$20.00,LOT 29A - EMU VIS LOT,OVERTIME LOT METER,10,Thu
9/17/15,10:26,$20.00,LOT 29A - EMU VIS LOT,OVERTIME LOT METER,10,Thu
9/22/15,13:59,$20.00,LOT 29A - EMU VIS LOT,OVERTIME PAYSTATION,13,Tue
10/11/16,4:01,$35.00,LOT 29A - EMU VIS LOT,NO OVERNIGHT PARKING,4,Tue
10/11/16,8:53,$20.00,LOT 29A - EMU VIS LOT,OVERTIME PAYSTATION,8,Tue
10/11/16,8:55,$20.00,LOT 29A - EMU VIS LOT,OVERTIME PAYSTATION,8,Tue
10/11/16,8:55,$0.00,LOT 29A - EMU VIS LOT,BOOT WARNING,8,Tue
4/26/16,12:21,$20.00,LOT 29A - EMU VIS LOT,OVERTIME PAYSTATION,12,Tue
5/16/16,14:25,$20.00,LOT 29A - EMU VIS LOT,OVERTIME PAYSTATION,14,Mon
5/11/16,10:37,$20.00,LOT 29A - EMU VIS LOT,OVERTIME PAYSTATION,10,Wed
5/6/16,17:37,$75.00,LOT 29A - EMU VIS LOT,RESERVED SPACE,17,Fri
9/17/15,10:27,$20.00,LOT 29A - EMU VIS LOT,OVERTIME LOT METER,10,Thu
3/7/16,15:35,$20.00,LOT 29A - EMU VIS LOT,OVERTIME PAYSTATION,15,Mon
10/29/15,11:29,$20.00,LOT 29A - EMU VIS LOT,OVERTIME PAYSTATION,11,Thu
9/30/16,10:16,$20.00,LOT 29A - EMU VIS LOT,OVERTIME PAYSTATION,10,Fri
9/29/16,10:38,$20.00,LOT 29A - EMU VIS LOT,OVERTIME PAYSTATION,10,Thu
9/30/16,10:19,$20.00,LOT 29A - EMU VIS LOT,OVERTIME PAYSTATION,10,Fri
9/27/16,11:43,$20.00,LOT 29A - EMU VIS LOT,OVERTIME PAYSTATION,11,Tue
6/30/16,10:04,$20.00,LOT 29A - EMU VIS LOT,OVERTIME PAYSTATION,10,Thu
10/24/16,4:21,$35.00,LOT 29A - EMU VIS LOT,NO OVERNIGHT PARKING,4,Mon
9/27/16,14:56,$20.00,LOT 29A - EMU VIS LOT,OVERTIME PAYSTATION,14,Tue
9/27/16,14:58,$20.00,LOT 29A - EMU VIS LOT,OVERTIME PAYSTATION,14,Tue
9/26/16,4:43,$35.00,LOT 29A - EMU VIS LOT,NO OVERNIGHT PARKING,4,Mon
8/25/16,8:04,$20.00,LOT 29A - EMU VIS LOT,OVERTIME PAYSTATION,8,Thu
8/18/16,10:34,$20.00,LOT 29A - EMU VIS LOT,OVERTIME PAYSTATION,10,Thu
8/18/16,10:31,$20.00,LOT 29A - EMU VIS LOT,OVERTIME PAYSTATION,10,Thu
8/18/16,10:33,$20.00,LOT 29A - EMU VIS LOT,OVERTIME PAYSTATION,10,Thu
9/20/16,10:15,$20.00,LOT 29A - EMU VIS LOT,OVERTIME PAYSTATION,10,Tue
8/17/16,14:00,$20.00,LOT 29A - EMU VIS LOT,OVERTIME PAYSTATION,14,Wed
9/19/16,10:39,$35.00,LOT 29A - EMU VIS LOT,OVERLINE/TAKE THE SPACE OF,10,Mon
9/19/16,10:33,$20.00,LOT 29A - EMU VIS LOT,OVERTIME PAYSTATION,10,Mon
9/19/16,10:35,$20.00,LOT 29A - EMU VIS LOT,OVERTIME PAYSTATION,10,Mon
9/14/16,13:39,$20.00,LOT 29A - EMU VIS LOT,OVERTIME PAYSTATION,13,Wed
9/14/16,13:40,$20.00,LOT 29A - EMU VIS LOT,OVERTIME PAYSTATION,13,Wed
9/13/16,11:22,$20.00,LOT 29A - EMU VIS LOT,OVERTIME PAYSTATION,11,Tue
9/12/16,11:14,$20.00,LOT 29A - EMU VIS LOT,OVERTIME PAYSTATION,11,Mon
9/12/16,11:14,$0.00,LOT 29A - EMU VIS LOT,OVERLINE/TAKE THE SPACE OF,11,Mon
9/28/15,12:05,$20.00,LOT 29A - EMU VIS LOT,OVERTIME PAYSTATION,12,Mon
9/28/15,12:06,$20.00,LOT 29A - EMU VIS LOT,OVERTIME PAYSTATION,12,Mon
9/28/15,12:09,$20.00,LOT 29A - EMU VIS LOT,OVERTIME PAYSTATION,12,Mon
9/26/16,10:44,$20.00,LOT 29A - EMU VIS LOT,OVERTIME PAYSTATION,10,Mon
9/26/16,10:45,$20.00,LOT 29A - EMU VIS LOT,OVERTIME PAYSTATION,10,Mon
10/30/15,14:32,$20.00,LOT 29A - EMU VIS LOT,OVERTIME PAYSTATION,14,Fri
10/30/15,14:32,$20.00,LOT 29A - EMU VIS LOT,OVERTIME PAYSTATION,14,Fri
9/19/16,14:05,$20.00,LOT 29A - EMU VIS LOT,OVERTIME PAYSTATION,14,Mon
9/16/16,14:57,$20.00,LOT 29A - EMU VIS LOT,OVERTIME PAYSTATION,14,Fri
9/19/16,14:07,$20.00,LOT 29A - EMU VIS LOT,OVERTIME PAYSTATION,14,Mon
9/16/16,14:52,$20.00,LOT 29A - EMU VIS LOT,OVERTIME PAYSTATION,14,Fri
9/16/16,14:53,$20.00,LOT 29A - EMU VIS LOT,OVERTIME PAYSTATION,14,Fri
9/16/16,14:55,$20.00,LOT 29A - EMU VIS LOT,OVERTIME PAYSTATION,14,Fri
9/25/15,7:50,$150.00,LOT 29A - EMU VIS LOT,RESERVE & TOW,7,Fri
9/14/16,13:42,$20.00,LOT 29A - EMU VIS LOT,OVERTIME PAYSTATION,13,Wed
9/12/16,11:15,$20.00,LOT 29A - EMU VIS LOT,OVERTIME PAYSTATION,11,Mon
9/9/16,7:55,$20.00,LOT 29A - EMU VIS LOT,OVERTIME LOT METER,7,Fri
9/14/16,13:45,$20.00,LOT 29A - EMU VIS LOT,OVERTIME PAYSTATION,13,Wed
9/8/16,9:45,$0.00,LOT 29A - EMU VIS LOT,BOOT WARNING,9,Thu
9/8/16,9:51,$20.00,LOT 29A - EMU VIS LOT,OVERTIME PAYSTATION,9,Thu
9/8/16,9:42,$20.00,LOT 29A - EMU VIS LOT,OVERTIME PAYSTATION,9,Thu
9/8/16,9:44,$20.00,LOT 29A - EMU VIS LOT,OVERTIME PAYSTATION,9,Thu
9/7/16,13:42,$20.00,LOT 29A - EMU VIS LOT,OVERTIME PAYSTATION,13,Wed
9/7/16,13:44,$20.00,LOT 29A - EMU VIS LOT,OVERTIME PAYSTATION,13,Wed
8/10/16,10:34,$20.00,LOT 29A - EMU VIS LOT,OVERTIME PAYSTATION,10,Wed
8/8/16,10:42,$20.00,LOT 29A - EMU VIS LOT,OVERTIME PAYSTATION,10,Mon
8/8/16,10:44,$20.00,LOT 29A - EMU VIS LOT,OVERTIME PAYSTATION,10,Mon
8/8/16,10:45,$0.00,LOT 29A - EMU VIS LOT,OVERLINE/TAKE THE SPACE OF,10,Mon
8/5/16,11:13,$20.00,LOT 29A - EMU VIS LOT,OVERTIME PAYSTATION,11,Fri
8/5/16,11:14,$20.00,LOT 29A - EMU VIS LOT,OVERTIME PAYSTATION,11,Fri
8/1/16,12:30,$35.00,LOT 29A - EMU VIS LOT,AREA NOT DESIGNATED,12,Mon
8/31/16,8:47,$20.00,LOT 29A - EMU VIS LOT,OVERTIME LOT METER,8,Wed
8/22/16,14:12,$20.00,LOT 29A - EMU VIS LOT,OVERTIME PAYSTATION,14,Mon
7/14/16,14:38,$20.00,LOT 29A - EMU VIS LOT,OVERTIME PAYSTATION,14,Thu
7/14/16,14:38,$20.00,LOT 29A - EMU VIS LOT,OVERTIME PAYSTATION,14,Thu
7/13/16,16:42,$40.00,LOT 29A - EMU VIS LOT,NO UO PERMIT,16,Wed
7/12/16,11:36,$20.00,LOT 29A - EMU VIS LOT,OVERTIME LOT METER,11,Tue
8/19/16,10:12,$20.00,LOT 29A - EMU VIS LOT,OVERTIME PAYSTATION,10,Fri
8/19/16,10:14,$20.00,LOT 29A - EMU VIS LOT,OVERTIME PAYSTATION,10,Fri
8/15/16,11:39,$20.00,LOT 29A - EMU VIS LOT,OVERTIME PAYSTATION,11,Mon
8/11/16,14:03,$20.00,LOT 29A - EMU VIS LOT,OVERTIME PAYSTATION,14,Thu
8/8/16,14:21,$20.00,LOT 29A - EMU VIS LOT,OVERTIME PAYSTATION,14,Mon
8/8/16,14:20,$20.00,LOT 29A - EMU VIS LOT,OVERTIME PAYSTATION,14,Mon
8/12/16,15:01,$20.00,LOT 29A - EMU VIS LOT,OVERTIME PAYSTATION,15,Fri
8/12/16,15:02,$20.00,LOT 29A - EMU VIS LOT,OVERTIME PAYSTATION,15,Fri
8/8/16,10:49,$20.00,LOT 29A - EMU VIS LOT,OVERTIME PAYSTATION,10,Mon
8/8/16,10:51,$20.00,LOT 29A - EMU VIS LOT,OVERTIME PAYSTATION,10,Mon
8/8/16,10:48,$20.00,LOT 29A - EMU VIS LOT,OVERTIME PAYSTATION,10,Mon
8/5/16,14:22,$20.00,LOT 29A - EMU VIS LOT,OVERTIME PAYSTATION,14,Fri
9/7/16,13:40,$20.00,LOT 29A - EMU VIS LOT,OVERTIME PAYSTATION,13,Wed
9/7/16,13:41,$20.00,LOT 29A - EMU VIS LOT,OVERTIME PAYSTATION,13,Wed
8/22/16,10:10,$20.00,LOT 29A - EMU VIS LOT,OVERTIME PAYSTATION,10,Mon
7/15/16,14:09,$20.00,LOT 29A - EMU VIS LOT,OVERTIME PAYSTATION,14,Fri
7/11/16,16:54,$20.00,LOT 29A - EMU VIS LOT,OVERTIME PAYSTATION,16,Mon
7/12/16,8:59,$20.00,LOT 29A - EMU VIS LOT,OVERTIME PAYSTATION,8,Tue
7/12/16,9:04,$20.00,LOT 29A - EMU VIS LOT,OVERTIME PAYSTATION,9,Tue
7/12/16,9:00,$20.00,LOT 29A - EMU VIS LOT,OVERTIME PAYSTATION,9,Tue
7/11/16,16:52,$20.00,LOT 29A - EMU VIS LOT,OVERTIME PAYSTATION,16,Mon
7/11/16,10:35,$20.00,LOT 29A - EMU VIS LOT,OVERTIME PAYSTATION,10,Mon
7/11/16,10:37,$20.00,LOT 29A - EMU VIS LOT,OVERTIME PAYSTATION,10,Mon
10/1/15,11:00,$20.00,LOT 29A - EMU VIS LOT,OVERTIME PAYSTATION,11,Thu
7/11/16,10:34,$20.00,LOT 29A - EMU VIS LOT,OVERTIME PAYSTATION,10,Mon
7/7/16,15:14,$20.00,LOT 29A - EMU VIS LOT,OVERTIME PAYSTATION,15,Thu
7/7/16,15:15,$20.00,LOT 29A - EMU VIS LOT,OVERTIME PAYSTATION,15,Thu
6/30/16,12:17,$20.00,LOT 29A - EMU VIS LOT,OVERTIME PAYSTATION,12,Thu
6/30/16,14:15,$20.00,LOT 29A - EMU VIS LOT,OVERTIME PAYSTATION,14,Thu
6/30/16,14:16,$20.00,LOT 29A - EMU VIS LOT,OVERTIME PAYSTATION,14,Thu
6/30/16,10:04,$20.00,LOT 29A - EMU VIS LOT,OVERTIME PAYSTATION,10,Thu
6/29/16,10:55,$20.00,LOT 29A - EMU VIS LOT,OVERTIME PAYSTATION,10,Wed
6/30/16,12:15,$20.00,LOT 29A - EMU VIS LOT,OVERTIME PAYSTATION,12,Thu
6/29/16,10:56,$20.00,LOT 29A - EMU VIS LOT,OVERTIME PAYSTATION,10,Wed
6/29/16,10:57,$20.00,LOT 29A - EMU VIS LOT,OVERTIME PAYSTATION,10,Wed
7/13/16,11:04,$20.00,LOT 29A - EMU VIS LOT,OVERTIME PAYSTATION,11,Wed
6/29/16,11:45,$20.00,LOT 29A - EMU VIS LOT,OVERTIME PAYSTATION,11,Wed
6/21/16,11:38,$20.00,LOT 29A - EMU VIS LOT,OVERTIME PAYSTATION,11,Tue
6/20/16,14:50,$20.00,LOT 29A - EMU VIS LOT,OVERTIME PAYSTATION,14,Mon
6/20/16,14:51,$20.00,LOT 29A - EMU VIS LOT,OVERTIME PAYSTATION,14,Mon
7/5/16,10:50,$20.00,LOT 29A - EMU VIS LOT,OVERTIME PAYSTATION,10,Tue
6/30/16,10:05,$20.00,LOT 29A - EMU VIS LOT,OVERTIME PAYSTATION,10,Thu
6/28/16,11:25,$20.00,LOT 29A - EMU VIS LOT,OVERTIME PAYSTATION,11,Tue
6/28/16,11:27,$20.00,LOT 29A - EMU VIS LOT,OVERTIME PAYSTATION,11,Tue
6/28/16,11:24,$20.00,LOT 29A - EMU VIS LOT,OVERTIME PAYSTATION,11,Tue
6/20/16,14:52,$20.00,LOT 29A - EMU VIS LOT,OVERTIME PAYSTATION,14,Mon
6/22/16,14:42,$20.00,LOT 29A - EMU VIS LOT,OVERTIME PAYSTATION,14,Wed
6/23/16,9:58,$20.00,LOT 29A - EMU VIS LOT,OVERTIME PAYSTATION,9,Thu
6/22/16,14:43,$20.00,LOT 29A - EMU VIS LOT,OVERTIME PAYSTATION,14,Wed
6/22/16,10:46,$20.00,LOT 29A - EMU VIS LOT,OVERTIME PAYSTATION,10,Wed
6/21/16,11:40,$20.00,LOT 29A - EMU VIS LOT,OVERTIME PAYSTATION,11,Tue
6/22/16,10:47,$20.00,LOT 29A - EMU VIS LOT,OVERTIME PAYSTATION,10,Wed
6/28/16,13:56,$20.00,LOT 29A - EMU VIS LOT,OVERTIME PAYSTATION,13,Tue
6/14/16,16:15,$20.00,LOT 29A - EMU VIS LOT,OVERTIME PAYSTATION,16,Tue
5/27/16,10:24,$20.00,LOT 29A - EMU VIS LOT,OVERTIME PAYSTATION,10,Fri
5/27/16,10:26,$20.00,LOT 29A - EMU VIS LOT,OVERTIME PAYSTATION,10,Fri
7/12/16,8:58,$20.00,LOT 29A - EMU VIS LOT,OVERTIME PAYSTATION,8,Tue
7/11/16,10:32,$20.00,LOT 29A - EMU VIS LOT,OVERTIME PAYSTATION,10,Mon
7/8/16,12:24,$20.00,LOT 29A - EMU VIS LOT,OVERTIME PAYSTATION,12,Fri
7/11/16,10:30,$20.00,LOT 29A - EMU VIS LOT,OVERTIME PAYSTATION,10,Mon
7/7/16,15:16,$20.00,LOT 29A - EMU VIS LOT,OVERTIME PAYSTATION,15,Thu
7/6/16,8:18,$20.00,LOT 29A - EMU VIS LOT,OVERTIME PAYSTATION,8,Wed
7/6/16,8:20,$20.00,LOT 29A - EMU VIS LOT,OVERTIME PAYSTATION,8,Wed
1/19/16,4:27,$35.00,LOT 29A - EMU VIS LOT,NO PARKING ZONE,4,Tue
3/3/16,10:48,$20.00,LOT 29A - EMU VIS LOT,OVERTIME PAYSTATION,10,Thu
3/7/16,15:39,$20.00,LOT 29A - EMU VIS LOT,OVERTIME PAYSTATION,15,Mon
3/7/16,15:40,$20.00,LOT 29A - EMU VIS LOT,OVERTIME PAYSTATION,15,Mon
3/25/16,13:17,$20.00,LOT 29A - EMU VIS LOT,OVERTIME PAYSTATION,13,Fri
6/14/16,16:19,$20.00,LOT 29A - EMU VIS LOT,OVERTIME PAYSTATION,16,Tue
6/14/16,10:59,$20.00,LOT 29A - EMU VIS LOT,OVERTIME PAYSTATION,10,Tue
6/14/16,16:17,$20.00,LOT 29A - EMU VIS LOT,OVERTIME PAYSTATION,16,Tue
6/14/16,10:57,$20.00,LOT 29A - EMU VIS LOT,OVERTIME PAYSTATION,10,Tue
6/14/16,10:58,$20.00,LOT 29A - EMU VIS LOT,OVERTIME PAYSTATION,10,Tue
4/12/16,11:36,$20.00,LOT 29A - EMU VIS LOT,OVERTIME PAYSTATION,11,Tue
6/3/16,14:51,$20.00,LOT 29A - EMU VIS LOT,OVERTIME PAYSTATION,14,Fri
6/3/16,14:52,$20.00,LOT 29A - EMU VIS LOT,OVERTIME PAYSTATION,14,Fri
6/2/16,10:26,$20.00,LOT 29A - EMU VIS LOT,OVERTIME PAYSTATION,10,Thu
6/1/16,14:05,$20.00,LOT 29A - EMU VIS LOT,OVERTIME PAYSTATION,14,Wed
6/1/16,14:07,$20.00,LOT 29A - EMU VIS LOT,OVERTIME PAYSTATION,14,Wed
5/24/16,14:21,$20.00,LOT 29A - EMU VIS LOT,OVERTIME PAYSTATION,14,Tue
6/1/16,14:04,$20.00,LOT 29A - EMU VIS LOT,OVERTIME PAYSTATION,14,Wed
5/24/16,14:19,$20.00,LOT 29A - EMU VIS LOT,OVERTIME PAYSTATION,14,Tue
4/15/16,10:52,$35.00,LOT 29A - EMU VIS LOT,OVERLINE/TAKE THE SPACE OF,10,Fri
3/25/16,13:12,$20.00,LOT 29A - EMU VIS LOT,OVERTIME PAYSTATION,13,Fri
3/25/16,13:14,$20.00,LOT 29A - EMU VIS LOT,OVERTIME PAYSTATION,13,Fri
4/12/16,11:31,$20.00,LOT 29A - EMU VIS LOT,OVERTIME PAYSTATION,11,Tue
3/10/16,10:51,$20.00,LOT 29A - EMU VIS LOT,OVERTIME PAYSTATION,10,Thu
10/5/15,14:32,$20.00,LOT 29A - EMU VIS LOT,OVERTIME PAYSTATION,14,Mon
6/3/16,10:24,$20.00,LOT 29A - EMU VIS LOT,OVERTIME PAYSTATION,10,Fri
6/3/16,10:26,$20.00,LOT 29A - EMU VIS LOT,OVERTIME PAYSTATION,10,Fri
6/2/16,10:30,$20.00,LOT 29A - EMU VIS LOT,OVERTIME PAYSTATION,10,Thu
6/2/16,10:28,$0.00,LOT 29A - EMU VIS LOT,IMPROPER PARKING,10,Thu
6/2/16,10:32,$20.00,LOT 29A - EMU VIS LOT,OVERTIME PAYSTATION,10,Thu
6/1/16,14:10,$40.00,LOT 29A - EMU VIS LOT,NO UO PERMIT,14,Wed
6/1/16,14:02,$20.00,LOT 29A - EMU VIS LOT,OVERTIME PAYSTATION,14,Wed
9/29/15,10:24,$20.00,LOT 29A - EMU VIS LOT,OVERTIME PAYSTATION,10,Tue
9/28/15,14:16,$20.00,LOT 29A - EMU VIS LOT,OVERTIME PAYSTATION,14,Mon
4/15/16,10:54,$35.00,LOT 29A - EMU VIS LOT,OVERLINE/TAKE THE SPACE OF,10,Fri
3/25/16,13:15,$20.00,LOT 29A - EMU VIS LOT,OVERTIME PAYSTATION,13,Fri
3/25/16,13:16,$20.00,LOT 29A - EMU VIS LOT,OVERTIME PAYSTATION,13,Fri
5/24/16,14:17,$20.00,LOT 29A - EMU VIS LOT,OVERTIME PAYSTATION,14,Tue
5/27/16,10:27,$20.00,LOT 29A - EMU VIS LOT,OVERTIME PAYSTATION,10,Fri
6/14/16,10:56,$20.00,LOT 29A - EMU VIS LOT,OVERTIME PAYSTATION,10,Tue
9/29/15,11:38,$20.00,LOT 29A - EMU VIS LOT,OVERTIME PAYSTATION,11,Tue
7/13/16,11:01,$20.00,LOT 29A - EMU VIS LOT,OVERTIME PAYSTATION,11,Wed
9/28/15,14:21,$20.00,LOT 29A - EMU VIS LOT,OVERTIME PAYSTATION,14,Mon
3/1/16,10:46,$20.00,LOT 29A - EMU VIS LOT,OVERTIME PAYSTATION,10,Tue
3/1/16,10:47,$20.00,LOT 29A - EMU VIS LOT,OVERTIME PAYSTATION,10,Tue
1/8/16,10:32,$20.00,LOT 29A - EMU VIS LOT,OVERTIME PAYSTATION,10,Fri
1/8/16,10:33,$20.00,LOT 29A - EMU VIS LOT,OVERTIME PAYSTATION,10,Fri
1/8/16,10:34,$20.00,LOT 29A - EMU VIS LOT,OVERTIME PAYSTATION,10,Fri
1/8/16,10:36,$20.00,LOT 29A - EMU VIS LOT,OVERTIME PAYSTATION,10,Fri
12/21/15,8:10,$40.00,LOT 29A - EMU VIS LOT,NO UO PERMIT,8,Mon
9/29/15,10:27,$20.00,LOT 29A - EMU VIS LOT,OVERTIME PAYSTATION,10,Tue
9/29/15,10:28,$20.00,LOT 29A - EMU VIS LOT,OVERTIME PAYSTATION,10,Tue
6/14/16,10:53,$20.00,LOT 29A - EMU VIS LOT,OVERTIME PAYSTATION,10,Tue
6/14/16,10:55,$20.00,LOT 29A - EMU VIS LOT,OVERTIME PAYSTATION,10,Tue
12/2/15,14:19,$20.00,LOT 29A - EMU VIS LOT,OVERTIME PAYSTATION,14,Wed
9/29/15,10:26,$20.00,LOT 29A - EMU VIS LOT,OVERTIME PAYSTATION,10,Tue
2/2/16,8:52,$40.00,LOT 29A - EMU VIS LOT,NO UO PERMIT,8,Tue
6/8/16,15:02,$40.00,LOT 29A - EMU VIS LOT,NO UO PERMIT,15,Wed
6/7/16,13:54,$20.00,LOT 29A - EMU VIS LOT,OVERTIME PAYSTATION,13,Tue
6/7/16,13:57,$20.00,LOT 29A - EMU VIS LOT,OVERTIME PAYSTATION,13,Tue
5/12/16,14:18,$20.00,LOT 29A - EMU VIS LOT,OVERTIME PAYSTATION,14,Thu
5/12/16,14:20,$20.00,LOT 29A - EMU VIS LOT,OVERTIME PAYSTATION,14,Thu
3/22/16,15:53,$40.00,LOT 29A - EMU VIS LOT,NO UO PERMIT,15,Tue
3/29/16,10:42,$20.00,LOT 29A - EMU VIS LOT,OVERTIME PAYSTATION,10,Tue
4/8/16,10:24,$20.00,LOT 29A - EMU VIS LOT,OVERTIME PAYSTATION,10,Fri
3/29/16,10:41,$20.00,LOT 29A - EMU VIS LOT,OVERTIME PAYSTATION,10,Tue
3/29/16,10:38,$20.00,LOT 29A - EMU VIS LOT,OVERTIME PAYSTATION,10,Tue
3/6/16,16:37,$35.00,LOT 29A - EMU VIS LOT,NO OVERNIGHT PARKING,16,Sun
8/4/16,11:10,$20.00,LOT 29A - EMU VIS LOT,OVERTIME PAYSTATION,11,Thu
11/30/15,8:32,$20.00,LOT 29A - EMU VIS LOT,OVERTIME PAYSTATION,8,Mon
12/2/15,14:19,$20.00,LOT 29A - EMU VIS LOT,OVERTIME PAYSTATION,14,Wed
12/2/15,14:21,$20.00,LOT 29A - EMU VIS LOT,OVERTIME PAYSTATION,14,Wed
4/21/16,16:08,$20.00,LOT 29A - EMU VIS LOT,OVERTIME LOT METER,16,Thu
6/2/16,10:33,$0.00,LOT 29A - EMU VIS LOT,BOOT WARNING,10,Thu
5/26/16,10:53,$20.00,LOT 29A - EMU VIS LOT,OVERTIME PAYSTATION,10,Thu
4/21/16,16:09,$20.00,LOT 29A - EMU VIS LOT,OVERTIME LOT METER,16,Thu
5/26/16,10:49,$20.00,LOT 29A - EMU VIS LOT,OVERTIME PAYSTATION,10,Thu
5/26/16,10:52,$20.00,LOT 29A - EMU VIS LOT,OVERTIME PAYSTATION,10,Thu
5/24/16,10:28,$20.00,LOT 29A - EMU VIS LOT,OVERTIME PAYSTATION,10,Tue
2/12/16,14:48,$0.00,LOT 29A - EMU VIS LOT,OVERTIME PAYSTATION,14,Fri
12/2/15,14:21,$20.00,LOT 29A - EMU VIS LOT,OVERTIME PAYSTATION,14,Wed
12/9/15,13:29,$20.00,LOT 29A - EMU VIS LOT,OVERTIME PAYSTATION,13,Wed
12/9/15,13:30,$20.00,LOT 29A - EMU VIS LOT,OVERTIME PAYSTATION,13,Wed
4/12/16,16:36,$20.00,LOT 29A - EMU VIS LOT,OVERTIME PAYSTATION,16,Tue
11/5/15,8:33,$20.00,LOT 29A - EMU VIS LOT,OVERTIME PAYSTATION,8,Thu
11/5/15,16:29,$20.00,LOT 29A - EMU VIS LOT,OVERTIME PAYSTATION,16,Thu
9/30/15,11:37,$20.00,LOT 29A - EMU VIS LOT,OVERTIME PAYSTATION,11,Wed
10/2/15,8:31,$20.00,LOT 29A - EMU VIS LOT,OVERTIME PAYSTATION,8,Fri
5/24/16,10:27,$20.00,LOT 29A - EMU VIS LOT,OVERTIME PAYSTATION,10,Tue
4/27/16,8:13,$20.00,LOT 29A - EMU VIS LOT,OVERTIME PAYSTATION,8,Wed
3/18/16,10:14,$20.00,LOT 29A - EMU VIS LOT,OVERTIME PAYSTATION,10,Fri
6/1/16,14:06,$20.00,LOT 29A - EMU VIS LOT,OVERTIME PAYSTATION,14,Wed
11/5/15,8:31,$20.00,LOT 29A - EMU VIS LOT,OVERTIME PAYSTATION,8,Thu
11/5/15,16:27,$20.00,LOT 29A - EMU VIS LOT,OVERTIME PAYSTATION,16,Thu
10/2/15,10:01,$20.00,LOT 29A - EMU VIS LOT,OVERTIME PAYSTATION,10,Fri
4/21/16,16:11,$20.00,LOT 29A - EMU VIS LOT,OVERTIME LOT METER,16,Thu
1/29/16,8:34,$20.00,LOT 29A - EMU VIS LOT,OVERTIME PAYSTATION,8,Fri
4/27/16,8:14,$20.00,LOT 29A - EMU VIS LOT,OVERTIME PAYSTATION,8,Wed
10/6/15,8:13,$20.00,LOT 29A - EMU VIS LOT,OVERTIME PAYSTATION,8,Tue
10/5/15,14:33,$20.00,LOT 29A - EMU VIS LOT,OVERTIME PAYSTATION,14,Mon
11/5/15,8:29,$20.00,LOT 29A - EMU VIS LOT,OVERTIME PAYSTATION,8,Thu
11/5/15,16:25,$20.00,LOT 29A - EMU VIS LOT,OVERTIME PAYSTATION,16,Thu
1/29/16,8:33,$20.00,LOT 29A - EMU VIS LOT,OVERTIME PAYSTATION,8,Fri
3/18/16,10:13,$20.00,LOT 29A - EMU VIS LOT,OVERTIME PAYSTATION,10,Fri
3/18/16,10:11,$50.00,LOT 29A - EMU VIS LOT,BOOT FEE,10,Fri
9/14/16,13:43,$20.00,LOT 29A - EMU VIS LOT,OVERTIME PAYSTATION,13,Wed
4/27/16,8:15,$20.00,LOT 29A - EMU VIS LOT,OVERTIME PAYSTATION,8,Wed
5/26/16,14:41,$20.00,LOT 29A - EMU VIS LOT,OVERTIME PAYSTATION,14,Thu
4/28/16,10:24,$20.00,LOT 29A - EMU VIS LOT,OVERTIME PAYSTATION,10,Thu
4/28/16,10:25,$20.00,LOT 29A - EMU VIS LOT,OVERTIME PAYSTATION,10,Thu
4/5/16,10:36,$20.00,LOT 29A - EMU VIS LOT,OVERTIME PAYSTATION,10,Tue
4/5/16,10:38,$20.00,LOT 29A - EMU VIS LOT,OVERTIME PAYSTATION,10,Tue
4/5/16,10:39,$20.00,LOT 29A - EMU VIS LOT,OVERTIME PAYSTATION,10,Tue
11/3/15,10:30,$20.00,LOT 29A - EMU VIS LOT,OVERTIME PAYSTATION,10,Tue
5/26/16,10:47,$20.00,LOT 29A - EMU VIS LOT,OVERTIME PAYSTATION,10,Thu
5/24/16,10:30,$20.00,LOT 29A - EMU VIS LOT,OVERTIME PAYSTATION,10,Tue
5/24/16,10:31,$20.00,LOT 29A - EMU VIS LOT,OVERTIME PAYSTATION,10,Tue
10/6/15,14:38,$20.00,LOT 29A - EMU VIS LOT,OVERTIME PAYSTATION,14,Tue
11/4/15,9:10,$20.00,LOT 29A - EMU VIS LOT,OVERTIME PAYSTATION,9,Wed
11/4/15,9:11,$20.00,LOT 29A - EMU VIS LOT,OVERTIME PAYSTATION,9,Wed
11/4/15,9:13,$20.00,LOT 29A - EMU VIS LOT,OVERTIME PAYSTATION,9,Wed
2/12/16,14:48,$20.00,LOT 29A - EMU VIS LOT,OVERTIME PAYSTATION,14,Fri
1/27/16,11:20,$20.00,LOT 29A - EMU VIS LOT,OVERTIME PAYSTATION,11,Wed
12/9/15,13:35,$20.00,LOT 29A - EMU VIS LOT,OVERTIME PAYSTATION,13,Wed
1/22/16,7:46,$20.00,LOT 29A - EMU VIS LOT,OVERTIME PAYSTATION,7,Fri
1/22/16,7:47,$20.00,LOT 29A - EMU VIS LOT,OVERTIME PAYSTATION,7,Fri
2/4/16,10:22,$20.00,LOT 29A - EMU VIS LOT,OVERTIME PAYSTATION,10,Thu
12/3/15,10:15,$40.00,LOT 29A - EMU VIS LOT,NO UO PERMIT,10,Thu
1/11/16,4:29,$35.00,LOT 29A - EMU VIS LOT,NO PARKING ZONE,4,Mon
12/3/15,10:19,$20.00,LOT 29A - EMU VIS LOT,OVERTIME PAYSTATION,10,Thu
5/23/16,11:04,$20.00,LOT 29A - EMU VIS LOT,OVERTIME PAYSTATION,11,Mon
11/30/15,11:16,$40.00,LOT 29A - EMU VIS LOT,NO UO PERMIT,11,Mon
2/2/16,8:54,$20.00,LOT 29A - EMU VIS LOT,OVERTIME PAYSTATION,8,Tue
2/2/16,8:55,$20.00,LOT 29A - EMU VIS LOT,OVERTIME PAYSTATION,8,Tue
11/30/15,11:13,$20.00,LOT 29A - EMU VIS LOT,OVERTIME PAYSTATION,11,Mon
3/18/16,10:10,$20.00,LOT 29A - EMU VIS LOT,OVERTIME PAYSTATION,10,Fri
4/21/16,16:10,$20.00,LOT 29A - EMU VIS LOT,OVERTIME LOT METER,16,Thu
5/5/16,10:49,$75.00,LOT 29A - EMU VIS LOT,RESERVED SPACE,10,Thu
5/5/16,10:52,$75.00,LOT 29A - EMU VIS LOT,RESERVED SPACE,10,Thu
2/24/16,10:33,$20.00,LOT 29A - EMU VIS LOT,OVERTIME PAYSTATION,10,Wed
9/27/16,14:02,$20.00,LOT 29A - EMU VIS LOT,OVERTIME PAYSTATION,14,Tue
10/5/15,14:27,$20.00,LOT 29A - EMU VIS LOT,OVERTIME PAYSTATION,14,Mon
5/20/16,10:22,$20.00,LOT 29A - EMU VIS LOT,OVERTIME PAYSTATION,10,Fri
5/3/16,11:27,$20.00,LOT 29A - EMU VIS LOT,OVERTIME PAYSTATION,11,Tue
2/4/16,10:24,$20.00,LOT 29A - EMU VIS LOT,OVERTIME PAYSTATION,10,Thu
2/4/16,10:26,$40.00,LOT 29A - EMU VIS LOT,NO UO PERMIT,10,Thu
1/29/16,8:36,$20.00,LOT 29A - EMU VIS LOT,OVERTIME PAYSTATION,8,Fri
12/30/15,9:49,$20.00,LOT 29A - EMU VIS LOT,OVERTIME PAYSTATION,9,Wed
6/3/16,10:28,$20.00,LOT 29A - EMU VIS LOT,OVERTIME PAYSTATION,10,Fri
4/25/16,10:19,$20.00,LOT 29A - EMU VIS LOT,OVERTIME LOT METER,10,Mon
11/30/15,11:18,$20.00,LOT 29A - EMU VIS LOT,OVERTIME PAYSTATION,11,Mon
12/9/15,13:28,$20.00,LOT 29A - EMU VIS LOT,OVERTIME PAYSTATION,13,Wed
2/12/16,14:49,$20.00,LOT 29A - EMU VIS LOT,OVERTIME PAYSTATION,14,Fri
4/27/16,8:11,$20.00,LOT 29A - EMU VIS LOT,OVERTIME PAYSTATION,8,Wed
5/10/16,9:53,$20.00,LOT 29A - EMU VIS LOT,OVERTIME PAYSTATION,9,Tue
5/17/16,10:29,$20.00,LOT 29A - EMU VIS LOT,OVERTIME PAYSTATION,10,Tue
2/26/16,15:59,$150.00,LOT 29A - EMU VIS LOT,RESERVE & TOW,15,Fri
3/18/16,11:14,$20.00,LOT 29A - EMU VIS LOT,OVERTIME PAYSTATION,11,Fri
3/29/16,16:32,$20.00,LOT 29A - EMU VIS LOT,OVERTIME PAYSTATION,16,Tue
5/5/16,12:10,$75.00,LOT 29A - EMU VIS LOT,RESERVED SPACE,12,Thu
4/25/16,10:20,$20.00,LOT 29A - EMU VIS LOT,OVERTIME LOT METER,10,Mon
5/6/16,9:57,$75.00,LOT 29A - EMU VIS LOT,RESERVED SPACE,9,Fri
3/17/16,10:53,$20.00,LOT 29A - EMU VIS LOT,OVERTIME PAYSTATION,10,Thu
3/29/16,16:28,$20.00,LOT 29A - EMU VIS LOT,OVERTIME PAYSTATION,16,Tue
3/29/16,16:30,$20.00,LOT 29A - EMU VIS LOT,OVERTIME PAYSTATION,16,Tue
11/6/15,10:48,$20.00,LOT 29A - EMU VIS LOT,OVERTIME PAYSTATION,10,Fri
11/6/15,10:49,$20.00,LOT 29A - EMU VIS LOT,OVERTIME PAYSTATION,10,Fri
4/22/16,8:32,$20.00,LOT 29A - EMU VIS LOT,OVERTIME PAYSTATION,8,Fri
2/26/16,16:08,$150.00,LOT 29A - EMU VIS LOT,RESERVE & TOW,16,Fri
4/11/16,10:56,$20.00,LOT 29A - EMU VIS LOT,OVERTIME PAYSTATION,10,Mon
1/19/16,10:11,$20.00,LOT 29A - EMU VIS LOT,OVERTIME PAYSTATION,10,Tue
5/3/16,16:43,$20.00,LOT 29A - EMU VIS LOT,OVERTIME PAYSTATION,16,Tue
4/7/16,11:09,$20.00,LOT 29A - EMU VIS LOT,OVERTIME PAYSTATION,11,Thu
4/7/16,11:10,$20.00,LOT 29A - EMU VIS LOT,OVERTIME PAYSTATION,11,Thu
5/5/16,13:01,$75.00,LOT 29A - EMU VIS LOT,RESERVED SPACE,13,Thu
4/27/16,11:05,$20.00,LOT 29A - EMU VIS LOT,OVERTIME PAYSTATION,11,Wed
4/11/16,10:55,$20.00,LOT 29A - EMU VIS LOT,OVERTIME PAYSTATION,10,Mon
10/20/15,14:53,$35.00,LOT 29A - EMU VIS LOT,OVERLINE/TAKE THE SPACE OF,14,Tue
3/14/16,10:29,$20.00,LOT 29A - EMU VIS LOT,OVERTIME PAYSTATION,10,Mon
6/3/16,10:23,$20.00,LOT 29A - EMU VIS LOT,OVERTIME PAYSTATION,10,Fri
3/17/16,10:58,$20.00,LOT 29A - EMU VIS LOT,OVERTIME PAYSTATION,10,Thu
12/23/15,8:33,$20.00,LOT 29A - EMU VIS LOT,OVERTIME PAYSTATION,8,Wed
1/22/16,11:05,$20.00,LOT 29A - EMU VIS LOT,OVERTIME PAYSTATION,11,Fri
3/3/16,14:55,$20.00,LOT 29A - EMU VIS LOT,OVERTIME PAYSTATION,14,Thu
3/14/16,10:30,$20.00,LOT 29A - EMU VIS LOT,OVERTIME PAYSTATION,10,Mon
3/14/16,10:33,$20.00,LOT 29A - EMU VIS LOT,OVERTIME PAYSTATION,10,Mon
3/11/16,8:30,$20.00,LOT 29A - EMU VIS LOT,OVERTIME PAYSTATION,8,Fri
3/11/16,8:31,$20.00,LOT 29A - EMU VIS LOT,OVERTIME PAYSTATION,8,Fri
3/11/16,8:33,$20.00,LOT 29A - EMU VIS LOT,OVERTIME PAYSTATION,8,Fri
3/14/16,10:31,$20.00,LOT 29A - EMU VIS LOT,OVERTIME PAYSTATION,10,Mon
1/13/16,14:53,$20.00,LOT 29A - EMU VIS LOT,OVERTIME PAYSTATION,14,Wed
11/24/15,10:35,$0.00,LOT 29A - EMU VIS LOT,IMPROPER PARKING,10,Tue
11/24/15,10:33,$35.00,LOT 29A - EMU VIS LOT,OVERLINE/TAKE THE SPACE OF,10,Tue
11/24/15,10:37,$20.00,LOT 29A - EMU VIS LOT,OVERTIME PAYSTATION,10,Tue
11/30/15,14:18,$40.00,LOT 29A - EMU VIS LOT,NO UO PERMIT,14,Mon
11/30/15,14:26,$20.00,LOT 29A - EMU VIS LOT,OVERTIME PAYSTATION,14,Mon
11/30/15,14:29,$20.00,LOT 29A - EMU VIS LOT,OVERTIME PAYSTATION,14,Mon
11/30/15,14:20,$40.00,LOT 29A - EMU VIS LOT,NO UO PERMIT,14,Mon
11/30/15,14:21,$40.00,LOT 29A - EMU VIS LOT,NO UO PERMIT,14,Mon
12/3/15,10:20,$20.00,LOT 29A - EMU VIS LOT,OVERTIME PAYSTATION,10,Thu
3/17/16,10:54,$20.00,LOT 29A - EMU VIS LOT,OVERTIME PAYSTATION,10,Thu
4/27/16,11:04,$20.00,LOT 29A - EMU VIS LOT,OVERTIME PAYSTATION,11,Wed
10/21/15,11:16,$20.00,LOT 29A - EMU VIS LOT,OVERTIME PAYSTATION,11,Wed
10/21/15,11:18,$20.00,LOT 29A - EMU VIS LOT,OVERTIME PAYSTATION,11,Wed
10/20/15,14:49,$20.00,LOT 29A - EMU VIS LOT,OVERTIME PAYSTATION,14,Tue
11/6/15,15:43,$150.00,LOT 29A - EMU VIS LOT,RESERVE & TOW,15,Fri
11/6/15,15:56,$35.00,LOT 29A - EMU VIS LOT,AREA NOT DESIGNATED,15,Fri
11/6/15,15:56,$20.00,LOT 29A - EMU VIS LOT,OVERTIME PAYSTATION,15,Fri
10/20/15,14:50,$45.00,LOT 29A - EMU VIS LOT,PARKING ON LAWN/SIDEWALK OR,14,Tue
10/26/15,10:59,$20.00,LOT 29A - EMU VIS LOT,OVERTIME LOT METER,10,Mon
2/17/16,10:31,$20.00,LOT 29A - EMU VIS LOT,OVERTIME PAYSTATION,10,Wed
2/10/16,11:10,$20.00,LOT 29A - EMU VIS LOT,OVERTIME PAYSTATION,11,Wed
3/11/16,8:29,$20.00,LOT 29A - EMU VIS LOT,OVERTIME PAYSTATION,8,Fri
3/17/16,12:09,$35.00,LOT 29A - EMU VIS LOT,IMPROPER PARKING,12,Thu
10/14/15,10:56,$150.00,LOT 29A - EMU VIS LOT,RESERVE & TOW,10,Wed
2/16/16,16:26,$20.00,LOT 29A - EMU VIS LOT,OVERTIME LOT METER,16,Tue
2/16/16,16:36,$150.00,LOT 29A - EMU VIS LOT,RESERVE & TOW,16,Tue
11/30/15,14:29,$20.00,LOT 29A - EMU VIS LOT,OVERTIME PAYSTATION,14,Mon
11/30/15,14:25,$20.00,LOT 29A - EMU VIS LOT,OVERTIME PAYSTATION,14,Mon
11/30/15,14:27,$20.00,LOT 29A - EMU VIS LOT,OVERTIME PAYSTATION,14,Mon
1/22/16,11:03,$20.00,LOT 29A - EMU VIS LOT,OVERTIME PAYSTATION,11,Fri
4/22/16,8:36,$20.00,LOT 29A - EMU VIS LOT,OVERTIME PAYSTATION,8,Fri
12/15/15,7:49,$20.00,LOT 29A - EMU VIS LOT,OVERTIME PAYSTATION,7,Tue
12/3/15,14:17,$20.00,LOT 29A - EMU VIS LOT,OVERTIME PAYSTATION,14,Thu
11/4/15,11:17,$20.00,LOT 29A - EMU VIS LOT,OVERTIME PAYSTATION,11,Wed
11/4/15,11:18,$20.00,LOT 29A - EMU VIS LOT,OVERTIME PAYSTATION,11,Wed
10/20/15,8:36,$20.00,LOT 29A - EMU VIS LOT,OVERTIME PAYSTATION,8,Tue
10/20/15,8:37,$20.00,LOT 29A - EMU VIS LOT,OVERTIME PAYSTATION,8,Tue
10/20/15,10:27,$20.00,LOT 29A - EMU VIS LOT,OVERTIME LOT METER,10,Tue
10/21/15,11:19,$20.00,LOT 29A - EMU VIS LOT,OVERTIME PAYSTATION,11,Wed
10/21/15,11:21,$20.00,LOT 29A - EMU VIS LOT,OVERTIME PAYSTATION,11,Wed
10/22/15,11:20,$20.00,LOT 29A - EMU VIS LOT,OVERTIME LOT METER,11,Thu
11/6/15,15:50,$20.00,LOT 29A - EMU VIS LOT,OVERTIME PAYSTATION,15,Fri
11/6/15,15:51,$35.00,LOT 29A - EMU VIS LOT,NO PARKING ZONE,15,Fri
12/3/15,14:18,$20.00,LOT 29A - EMU VIS LOT,OVERTIME PAYSTATION,14,Thu
10/14/15,10:56,$150.00,LOT 29A - EMU VIS LOT,RESERVE & TOW,10,Wed
12/14/15,15:13,$20.00,LOT 29A - EMU VIS LOT,OVERTIME PAYSTATION,15,Mon
12/14/15,15:08,$20.00,LOT 29A - EMU VIS LOT,OVERTIME PAYSTATION,15,Mon
12/14/15,15:10,$20.00,LOT 29A - EMU VIS LOT,OVERTIME PAYSTATION,15,Mon
12/15/15,10:23,$20.00,LOT 29A - EMU VIS LOT,OVERTIME PAYSTATION,10,Tue
12/1/15,8:19,$20.00,LOT 29A - EMU VIS LOT,OVERTIME PAYSTATION,8,Tue
12/14/15,15:11,$20.00,LOT 29A - EMU VIS LOT,OVERTIME PAYSTATION,15,Mon
11/15/16,7:51,$20.00,LOT 29A - EMU VIS LOT,OVERTIME PAYSTATION,7,Tue
12/1/15,8:22,$20.00,LOT 29A - EMU VIS LOT,OVERTIME PAYSTATION,8,Tue
11/24/15,10:37,$20.00,LOT 29A - EMU VIS LOT,OVERTIME PAYSTATION,10,Tue
11/4/15,8:59,$20.00,LOT 29A - EMU VIS LOT,OVERTIME PAYSTATION,8,Wed
11/4/15,9:00,$0.00,LOT 29A - EMU VIS LOT,BOOT WARNING,9,Wed
11/6/15,15:53,$20.00,LOT 29A - EMU VIS LOT,OVERTIME PAYSTATION,15,Fri
11/16/16,14:43,$20.00,LOT 29A - EMU VIS LOT,OVERTIME PAYSTATION,14,Wed
11/16/16,14:45,$20.00,LOT 29A - EMU VIS LOT,OVERTIME PAYSTATION,14,Wed
11/22/16,14:11,$20.00,LOT 29A - EMU VIS LOT,OVERTIME PAYSTATION,14,Tue
11/22/16,14:12,$20.00,LOT 29A - EMU VIS LOT,OVERTIME PAYSTATION,14,Tue
11/22/16,14:14,$20.00,LOT 29A - EMU VIS LOT,OVERTIME PAYSTATION,14,Tue
11/6/15,10:51,$20.00,LOT 29A - EMU VIS LOT,OVERTIME PAYSTATION,10,Fri
11/6/15,15:48,$150.00,LOT 29A - EMU VIS LOT,RESERVE & TOW,15,Fri
1/5/16,10:55,$250.00,LOT 29A - EMU VIS LOT,ALTERING PERMIT,10,Tue
11/13/15,8:02,$75.00,LOT 29A - EMU VIS LOT,RESERVED SPACE,8,Fri
11/12/15,14:30,$35.00,LOT 29A - EMU VIS LOT,AREA NOT DESIGNATED,14,Thu
5/20/16,12:00,$20.00,LOT 29A - EMU VIS LOT,OVERTIME PAYSTATION,12,Fri
5/20/16,12:02,$20.00,LOT 29A - EMU VIS LOT,OVERTIME PAYSTATION,12,Fri
5/16/16,10:31,$20.00,LOT 29A - EMU VIS LOT,OVERTIME PAYSTATION,10,Mon
2/23/16,10:52,$20.00,LOT 29A - EMU VIS LOT,OVERTIME PAYSTATION,10,Tue
11/23/15,11:32,$20.00,LOT 29A - EMU VIS LOT,OVERTIME PAYSTATION,11,Mon
11/23/15,11:33,$20.00,LOT 29A - EMU VIS LOT,OVERTIME PAYSTATION,11,Mon
10/26/15,11:01,$20.00,LOT 29A - EMU VIS LOT,OVERTIME LOT METER,11,Mon
10/26/15,11:02,$20.00,LOT 29A - EMU VIS LOT,OVERTIME LOT METER,11,Mon
11/6/15,15:48,$20.00,LOT 29A - EMU VIS LOT,OVERTIME PAYSTATION,15,Fri
4/5/16,16:25,$20.00,LOT 29A - EMU VIS LOT,OVERTIME PAYSTATION,16,Tue
4/5/16,16:27,$20.00,LOT 29A - EMU VIS LOT,OVERTIME PAYSTATION,16,Tue
11/6/15,10:53,$20.00,LOT 29A - EMU VIS LOT,OVERTIME PAYSTATION,10,Fri
11/6/15,10:54,$20.00,LOT 29A - EMU VIS LOT,OVERTIME PAYSTATION,10,Fri
11/6/15,10:56,$20.00,LOT 29A - EMU VIS LOT,OVERTIME PAYSTATION,10,Fri
1/5/15,10:33,$20.00,LOT 29A - EMU VIS LOT,OVERTIME LOT METER,10,Mon
1/14/15,10:06,$20.00,LOT 29A - EMU VIS LOT,OVERTIME LOT METER,10,Wed
1/14/15,10:07,$20.00,LOT 29A - EMU VIS LOT,OVERTIME LOT METER,10,Wed
1/15/15,14:29,$20.00,LOT 29A - EMU VIS LOT,OVERTIME LOT METER,14,Thu
4/5/16,16:27,$20.00,LOT 29A - EMU VIS LOT,OVERTIME PAYSTATION,16,Tue
5/10/16,14:45,$20.00,LOT 29A - EMU VIS LOT,OVERTIME PAYSTATION,14,Tue
1/5/15,10:35,$20.00,LOT 29A - EMU VIS LOT,OVERTIME LOT METER,10,Mon
1/5/15,10:37,$20.00,LOT 29A - EMU VIS LOT,OVERTIME LOT METER,10,Mon
1/20/15,10:57,$20.00,LOT 29A - EMU VIS LOT,OVERTIME LOT METER,10,Tue
1/20/15,10:58,$20.00,LOT 29A - EMU VIS LOT,OVERTIME LOT METER,10,Tue
1/20/15,16:29,$20.00,LOT 29A - EMU VIS LOT,OVERTIME LOT METER,16,Tue
1/20/15,16:30,$20.00,LOT 29A - EMU VIS LOT,OVERTIME LOT METER,16,Tue
1/21/15,7:33,$20.00,LOT 29A - EMU VIS LOT,OVERTIME LOT METER,7,Wed
1/21/15,7:34,$20.00,LOT 29A - EMU VIS LOT,OVERTIME LOT METER,7,Wed
1/22/15,11:28,$20.00,LOT 29A - EMU VIS LOT,OVERTIME LOT METER,11,Thu
3/2/15,13:41,$20.00,LOT 29A - EMU VIS LOT,OVERTIME LOT METER,13,Mon
3/2/15,13:43,$35.00,LOT 29A - EMU VIS LOT,SERVICE VEHICLE ONLY,13,Mon
3/3/15,13:22,$20.00,LOT 29A - EMU VIS LOT,OVERTIME LOT METER,13,Tue
3/3/15,10:15,$20.00,LOT 29A - EMU VIS LOT,OVERTIME LOT METER,10,Tue
3/3/15,16:29,$20.00,LOT 29A - EMU VIS LOT,OVERTIME LOT METER,16,Tue
1/25/16,10:31,$20.00,LOT 29A - EMU VIS LOT,OVERTIME PAYSTATION,10,Mon
3/5/15,13:59,$20.00,LOT 29A - EMU VIS LOT,OVERTIME LOT METER,13,Thu
3/9/15,8:04,$20.00,LOT 29A - EMU VIS LOT,OVERTIME LOT METER,8,Mon
3/9/15,10:23,$20.00,LOT 29A - EMU VIS LOT,OVERTIME LOT METER,10,Mon
3/9/15,10:24,$20.00,LOT 29A - EMU VIS LOT,OVERTIME LOT METER,10,Mon
3/9/15,10:25,$20.00,LOT 29A - EMU VIS LOT,OVERTIME LOT METER,10,Mon
3/9/15,10:27,$20.00,LOT 29A - EMU VIS LOT,OVERTIME LOT METER,10,Mon
3/9/15,11:19,$20.00,LOT 29A - EMU VIS LOT,OVERTIME LOT METER,11,Mon
1/13/15,10:14,$20.00,LOT 29A - EMU VIS LOT,OVERTIME LOT METER,10,Tue
1/16/15,8:28,$20.00,LOT 29A - EMU VIS LOT,OVERTIME LOT METER,8,Fri
1/16/15,8:31,$20.00,LOT 29A - EMU VIS LOT,OVERTIME LOT METER,8,Fri
1/16/15,10:54,$20.00,LOT 29A - EMU VIS LOT,OVERTIME LOT METER,10,Fri
1/16/15,10:55,$20.00,LOT 29A - EMU VIS LOT,OVERTIME LOT METER,10,Fri
1/21/15,10:52,$20.00,LOT 29A - EMU VIS LOT,OVERTIME LOT METER,10,Wed
3/2/15,14:42,$20.00,LOT 29A - EMU VIS LOT,OVERTIME LOT METER,14,Mon
3/3/15,16:30,$20.00,LOT 29A - EMU VIS LOT,OVERTIME LOT METER,16,Tue
3/3/15,16:31,$20.00,LOT 29A - EMU VIS LOT,OVERTIME LOT METER,16,Tue
3/3/15,16:32,$20.00,LOT 29A - EMU VIS LOT,OVERTIME LOT METER,16,Tue
3/3/15,16:34,$20.00,LOT 29A - EMU VIS LOT,OVERTIME LOT METER,16,Tue
3/5/15,7:34,$20.00,LOT 29A - EMU VIS LOT,OVERTIME LOT METER,7,Thu
3/5/15,11:20,$20.00,LOT 29A - EMU VIS LOT,OVERTIME LOT METER,11,Thu
5/9/16,10:45,$40.00,LOT 29A - EMU VIS LOT,NO UO PERMIT,10,Mon
5/13/16,10:46,$20.00,LOT 29A - EMU VIS LOT,OVERTIME PAYSTATION,10,Fri
5/5/16,14:11,$75.00,LOT 29A - EMU VIS LOT,RESERVED SPACE,14,Thu
3/12/15,14:20,$20.00,LOT 29A - EMU VIS LOT,OVERTIME LOT METER,14,Thu
1/29/15,10:15,$20.00,LOT 29A - EMU VIS LOT,OVERTIME LOT METER,10,Thu
4/25/16,15:14,$35.00,LOT 29A - EMU VIS LOT,AREA NOT DESIGNATED,15,Mon
5/5/16,14:09,$75.00,LOT 29A - EMU VIS LOT,RESERVED SPACE,14,Thu
3/18/15,10:38,$20.00,LOT 29A - EMU VIS LOT,OVERTIME LOT METER,10,Wed
10/26/15,7:46,$20.00,LOT 29A - EMU VIS LOT,OVERTIME PAYSTATION,7,Mon
1/22/15,11:28,$20.00,LOT 29A - EMU VIS LOT,OVERTIME LOT METER,11,Thu
1/22/15,11:30,$20.00,LOT 29A - EMU VIS LOT,OVERTIME LOT METER,11,Thu
1/23/15,8:25,$20.00,LOT 29A - EMU VIS LOT,OVERTIME LOT METER,8,Fri
1/23/15,11:01,$20.00,LOT 29A - EMU VIS LOT,OVERTIME LOT METER,11,Fri
1/23/15,11:03,$20.00,LOT 29A - EMU VIS LOT,OVERTIME LOT METER,11,Fri
1/23/15,11:04,$20.00,LOT 29A - EMU VIS LOT,OVERTIME LOT METER,11,Fri
1/23/15,11:05,$20.00,LOT 29A - EMU VIS LOT,OVERTIME LOT METER,11,Fri
3/19/15,15:49,$20.00,LOT 29A - EMU VIS LOT,OVERTIME LOT METER,15,Thu
3/19/15,15:51,$20.00,LOT 29A - EMU VIS LOT,OVERTIME LOT METER,15,Thu
3/20/15,13:09,$20.00,LOT 29A - EMU VIS LOT,OVERTIME LOT METER,13,Fri
3/23/15,12:17,$20.00,LOT 29A - EMU VIS LOT,OVERTIME LOT METER,12,Mon
3/24/15,15:24,$20.00,LOT 29A - EMU VIS LOT,OVERTIME LOT METER,15,Tue
3/24/15,15:25,$20.00,LOT 29A - EMU VIS LOT,OVERTIME LOT METER,15,Tue
3/24/15,15:26,$20.00,LOT 29A - EMU VIS LOT,OVERTIME LOT METER,15,Tue
3/25/15,14:36,$20.00,LOT 29A - EMU VIS LOT,OVERTIME LOT METER,14,Wed
3/25/15,14:37,$20.00,LOT 29A - EMU VIS LOT,OVERTIME LOT METER,14,Wed
3/26/15,7:43,$20.00,LOT 29A - EMU VIS LOT,OVERTIME LOT METER,7,Thu
3/10/15,14:12,$20.00,LOT 29A - EMU VIS LOT,OVERTIME LOT METER,14,Tue
3/11/15,13:56,$20.00,LOT 29A - EMU VIS LOT,OVERTIME LOT METER,13,Wed
3/11/15,11:42,$20.00,LOT 29A - EMU VIS LOT,OVERTIME LOT METER,11,Wed
3/11/15,11:43,$20.00,LOT 29A - EMU VIS LOT,OVERTIME LOT METER,11,Wed
3/12/15,9:58,$20.00,LOT 29A - EMU VIS LOT,OVERTIME LOT METER,9,Thu
3/12/15,9:59,$20.00,LOT 29A - EMU VIS LOT,OVERTIME LOT METER,9,Thu
3/30/15,14:38,$20.00,LOT 29A - EMU VIS LOT,OVERTIME LOT METER,14,Mon
3/30/15,14:40,$20.00,LOT 29A - EMU VIS LOT,OVERTIME LOT METER,14,Mon
3/30/15,10:13,$20.00,LOT 29A - EMU VIS LOT,OVERTIME LOT METER,10,Mon
3/30/15,10:15,$20.00,LOT 29A - EMU VIS LOT,OVERTIME LOT METER,10,Mon
4/1/15,14:21,$20.00,LOT 29A - EMU VIS LOT,OVERTIME LOT METER,14,Wed
3/13/15,11:22,$20.00,LOT 29A - EMU VIS LOT,OVERTIME LOT METER,11,Fri
3/16/15,13:40,$20.00,LOT 29A - EMU VIS LOT,OVERTIME LOT METER,13,Mon
3/16/15,13:47,$50.00,LOT 29A - EMU VIS LOT,BOOT FEE,13,Mon
3/16/15,10:15,$20.00,LOT 29A - EMU VIS LOT,OVERTIME LOT METER,10,Mon
3/16/15,11:03,$20.00,LOT 29A - EMU VIS LOT,OVERTIME LOT METER,11,Mon
3/16/15,11:04,$20.00,LOT 29A - EMU VIS LOT,OVERTIME LOT METER,11,Mon
4/3/15,10:13,$20.00,LOT 29A - EMU VIS LOT,OVERTIME LOT METER,10,Fri
4/6/15,10:09,$20.00,LOT 29A - EMU VIS LOT,OVERTIME LOT METER,10,Mon
4/6/15,10:10,$20.00,LOT 29A - EMU VIS LOT,OVERTIME LOT METER,10,Mon
4/6/15,14:22,$20.00,LOT 29A - EMU VIS LOT,OVERTIME LOT METER,14,Mon
4/7/15,10:04,$20.00,LOT 29A - EMU VIS LOT,OVERTIME LOT METER,10,Tue
4/7/15,10:06,$20.00,LOT 29A - EMU VIS LOT,OVERTIME LOT METER,10,Tue
3/20/15,15:37,$20.00,LOT 29A - EMU VIS LOT,OVERTIME LOT METER,15,Fri
3/20/15,15:39,$20.00,LOT 29A - EMU VIS LOT,OVERTIME LOT METER,15,Fri
3/23/15,12:18,$20.00,LOT 29A - EMU VIS LOT,OVERTIME LOT METER,12,Mon
3/23/15,12:19,$20.00,LOT 29A - EMU VIS LOT,OVERTIME LOT METER,12,Mon
3/24/15,15:27,$20.00,LOT 29A - EMU VIS LOT,OVERTIME LOT METER,15,Tue
3/24/15,15:29,$20.00,LOT 29A - EMU VIS LOT,OVERTIME LOT METER,15,Tue
3/24/15,15:30,$20.00,LOT 29A - EMU VIS LOT,OVERTIME LOT METER,15,Tue
3/24/15,15:32,$20.00,LOT 29A - EMU VIS LOT,OVERTIME LOT METER,15,Tue
4/7/15,13:47,$20.00,LOT 29A - EMU VIS LOT,OVERTIME LOT METER,13,Tue
4/7/15,15:56,$20.00,LOT 29A - EMU VIS LOT,OVERTIME LOT METER,15,Tue
4/8/15,14:34,$20.00,LOT 29A - EMU VIS LOT,OVERTIME LOT METER,14,Wed
4/8/15,10:18,$20.00,LOT 29A - EMU VIS LOT,OVERTIME LOT METER,10,Wed
3/25/15,14:35,$20.00,LOT 29A - EMU VIS LOT,OVERTIME LOT METER,14,Wed
3/25/15,14:37,$20.00,LOT 29A - EMU VIS LOT,OVERTIME LOT METER,14,Wed
4/9/15,9:50,$20.00,LOT 29A - EMU VIS LOT,OVERTIME LOT METER,9,Thu
4/9/15,9:51,$20.00,LOT 29A - EMU VIS LOT,OVERTIME LOT METER,9,Thu
4/1/15,10:44,$20.00,LOT 29A - EMU VIS LOT,OVERTIME LOT METER,10,Wed
4/13/15,10:57,$35.00,LOT 29A - EMU VIS LOT,SERVICE VEHICLE ONLY,10,Mon
4/13/15,14:02,$20.00,LOT 29A - EMU VIS LOT,OVERTIME LOT METER,14,Mon
4/11/16,16:42,$20.00,LOT 29A - EMU VIS LOT,OVERTIME PAYSTATION,16,Mon
4/16/15,10:28,$20.00,LOT 29A - EMU VIS LOT,OVERTIME LOT METER,10,Thu
4/16/15,10:29,$20.00,LOT 29A - EMU VIS LOT,OVERTIME LOT METER,10,Thu
4/3/15,14:45,$20.00,LOT 29A - EMU VIS LOT,OVERTIME LOT METER,14,Fri
4/22/15,7:04,$20.00,LOT 29A - EMU VIS LOT,OVERTIME LOT METER,7,Wed
4/22/15,7:06,$45.00,LOT 29A - EMU VIS LOT,RESERVED SPACE,7,Wed
4/22/15,7:09,$50.00,LOT 29A - EMU VIS LOT,TOWING FEE,7,Wed
4/22/15,7:11,$50.00,LOT 29A - EMU VIS LOT,TOWING FEE,7,Wed
4/22/15,7:46,$95.00,LOT 29A - EMU VIS LOT,RESERVED SPACE W/TOW,7,Wed
4/22/15,8:06,$95.00,LOT 29A - EMU VIS LOT,RESERVED SPACE W/TOW,8,Wed
4/7/15,11:02,$20.00,LOT 29A - EMU VIS LOT,OVERTIME LOT METER,11,Tue
4/23/15,11:22,$20.00,LOT 29A - EMU VIS LOT,OVERTIME LOT METER,11,Thu
4/9/15,9:48,$20.00,LOT 29A - EMU VIS LOT,OVERTIME LOT METER,9,Thu
4/9/15,11:08,$20.00,LOT 29A - EMU VIS LOT,OVERTIME LOT METER,11,Thu
4/24/15,16:39,$0.00,LOT 29A - EMU VIS LOT,WARNING/NO CHARGE,16,Fri
4/24/15,16:44,$20.00,LOT 29A - EMU VIS LOT,OVERTIME LOT METER,16,Fri
4/24/15,16:46,$20.00,LOT 29A - EMU VIS LOT,OVERTIME LOT METER,16,Fri
4/24/15,16:47,$20.00,LOT 29A - EMU VIS LOT,OVERTIME LOT METER,16,Fri
4/27/15,11:09,$20.00,LOT 29A - EMU VIS LOT,OVERTIME LOT METER,11,Mon
3/14/16,14:00,$20.00,LOT 29A - EMU VIS LOT,OVERTIME PAYSTATION,14,Mon
3/14/16,14:01,$20.00,LOT 29A - EMU VIS LOT,OVERTIME PAYSTATION,14,Mon
4/29/15,10:27,$20.00,LOT 29A - EMU VIS LOT,OVERTIME LOT METER,10,Wed
4/29/15,10:26,$20.00,LOT 29A - EMU VIS LOT,OVERTIME LOT METER,10,Wed
4/29/15,16:21,$20.00,LOT 29A - EMU VIS LOT,OVERTIME LOT METER,16,Wed
4/30/15,10:12,$20.00,LOT 29A - EMU VIS LOT,OVERTIME LOT METER,10,Thu
4/13/15,14:01,$20.00,LOT 29A - EMU VIS LOT,OVERTIME LOT METER,14,Mon
4/14/15,10:45,$20.00,LOT 29A - EMU VIS LOT,OVERTIME LOT METER,10,Tue
3/14/16,14:03,$20.00,LOT 29A - EMU VIS LOT,OVERTIME PAYSTATION,14,Mon
5/11/15,13:39,$20.00,LOT 29A - EMU VIS LOT,OVERTIME LOT METER,13,Mon
4/16/15,10:30,$20.00,LOT 29A - EMU VIS LOT,OVERTIME LOT METER,10,Thu
4/17/15,11:13,$20.00,LOT 29A - EMU VIS LOT,OVERTIME LOT METER,11,Fri
4/17/15,11:19,$20.00,LOT 29A - EMU VIS LOT,OVERTIME LOT METER,11,Fri
5/12/15,9:57,$20.00,LOT 29A - EMU VIS LOT,OVERTIME LOT METER,9,Tue
5/12/15,10:00,$20.00,LOT 29A - EMU VIS LOT,OVERTIME LOT METER,10,Tue
4/11/16,16:41,$20.00,LOT 29A - EMU VIS LOT,OVERTIME PAYSTATION,16,Mon
5/12/15,11:27,$20.00,LOT 29A - EMU VIS LOT,OVERTIME LOT METER,11,Tue
4/21/15,13:54,$20.00,LOT 29A - EMU VIS LOT,OVERTIME LOT METER,13,Tue
4/22/15,7:02,$95.00,LOT 29A - EMU VIS LOT,RESERVED SPACE W/TOW,7,Wed
5/13/15,11:54,$20.00,LOT 29A - EMU VIS LOT,OVERTIME LOT METER,11,Wed
5/13/15,16:07,$20.00,LOT 29A - EMU VIS LOT,OVERTIME LOT METER,16,Wed
5/14/15,11:47,$20.00,LOT 29A - EMU VIS LOT,OVERTIME LOT METER,11,Thu
4/27/15,11:07,$20.00,LOT 29A - EMU VIS LOT,OVERTIME LOT METER,11,Mon
4/29/15,16:25,$35.00,LOT 29A - EMU VIS LOT,SERVICE VEHICLE ONLY,16,Wed
5/18/15,10:08,$20.00,LOT 29A - EMU VIS LOT,OVERTIME LOT METER,10,Mon
5/19/15,14:40,$20.00,LOT 29A - EMU VIS LOT,OVERTIME LOT METER,14,Tue
5/19/15,14:40,$20.00,LOT 29A - EMU VIS LOT,OVERTIME LOT METER,14,Tue
5/4/15,7:55,$20.00,LOT 29A - EMU VIS LOT,OVERTIME LOT METER,7,Mon
5/6/15,7:03,$95.00,LOT 29A - EMU VIS LOT,RESERVED SPACE W/TOW,7,Wed
5/22/15,15:35,$35.00,LOT 29A - EMU VIS LOT,AREA NOT DESIGNATED,15,Fri
5/22/15,15:42,$20.00,LOT 29A - EMU VIS LOT,OVERTIME LOT METER,15,Fri
5/22/15,15:44,$20.00,LOT 29A - EMU VIS LOT,OVERTIME LOT METER,15,Fri
5/26/15,14:19,$20.00,LOT 29A - EMU VIS LOT,OVERTIME LOT METER,14,Tue
5/26/15,14:20,$20.00,LOT 29A - EMU VIS LOT,OVERTIME LOT METER,14,Tue
5/26/15,14:22,$20.00,LOT 29A - EMU VIS LOT,OVERTIME LOT METER,14,Tue
5/26/15,14:25,$20.00,LOT 29A - EMU VIS LOT,OVERTIME LOT METER,14,Tue
5/11/15,10:21,$20.00,LOT 29A - EMU VIS LOT,OVERTIME LOT METER,10,Mon
5/11/15,13:41,$35.00,LOT 29A - EMU VIS LOT,SERVICE VEHICLE ONLY,13,Mon
5/12/15,16:45,$35.00,LOT 29A - EMU VIS LOT,SERVICE VEHICLE ONLY,16,Tue
5/12/15,16:48,$35.00,LOT 29A - EMU VIS LOT,SERVICE VEHICLE ONLY,16,Tue
5/12/15,9:55,$20.00,LOT 29A - EMU VIS LOT,OVERTIME LOT METER,9,Tue
5/27/15,10:34,$20.00,LOT 29A - EMU VIS LOT,OVERTIME LOT METER,10,Wed
5/27/15,10:36,$20.00,LOT 29A - EMU VIS LOT,OVERTIME LOT METER,10,Wed
5/27/15,10:38,$20.00,LOT 29A - EMU VIS LOT,OVERTIME LOT METER,10,Wed
5/27/15,10:39,$20.00,LOT 29A - EMU VIS LOT,OVERTIME LOT METER,10,Wed
5/18/15,13:41,$20.00,LOT 29A - EMU VIS LOT,OVERTIME LOT METER,13,Mon
5/18/15,13:43,$20.00,LOT 29A - EMU VIS LOT,OVERTIME LOT METER,13,Mon
5/18/15,13:45,$35.00,LOT 29A - EMU VIS LOT,SERVICE VEHICLE ONLY,13,Mon
5/18/15,10:10,$20.00,LOT 29A - EMU VIS LOT,OVERTIME LOT METER,10,Mon
6/1/15,13:36,$20.00,LOT 29A - EMU VIS LOT,OVERTIME LOT METER,13,Mon
5/20/15,11:36,$20.00,LOT 29A - EMU VIS LOT,OVERTIME LOT METER,11,Wed
5/21/15,11:06,$35.00,LOT 29A - EMU VIS LOT,SERVICE VEHICLE ONLY,11,Thu
5/21/15,11:09,$20.00,LOT 29A - EMU VIS LOT,OVERTIME LOT METER,11,Thu
5/22/15,13:03,$35.00,LOT 29A - EMU VIS LOT,SERVICE VEHICLE ONLY,13,Fri
5/26/15,14:27,$20.00,LOT 29A - EMU VIS LOT,OVERTIME LOT METER,14,Tue
5/27/15,14:40,$20.00,LOT 29A - EMU VIS LOT,OVERTIME LOT METER,14,Wed
5/27/15,10:31,$20.00,LOT 29A - EMU VIS LOT,OVERTIME LOT METER,10,Wed
5/27/15,10:32,$20.00,LOT 29A - EMU VIS LOT,OVERTIME LOT METER,10,Wed
5/27/15,10:41,$20.00,LOT 29A - EMU VIS LOT,OVERTIME LOT METER,10,Wed
5/28/15,7:59,$20.00,LOT 29A - EMU VIS LOT,OVERTIME LOT METER,7,Thu
5/28/15,8:00,$0.00,LOT 29A - EMU VIS LOT,WARNING/NO CHARGE,8,Thu
5/28/15,16:21,$35.00,LOT 29A - EMU VIS LOT,AREA NOT DESIGNATED,16,Thu
5/28/15,12:00,$20.00,LOT 29A - EMU VIS LOT,OVERTIME LOT METER,12,Thu
5/29/15,11:28,$20.00,LOT 29A - EMU VIS LOT,OVERTIME LOT METER,11,Fri
5/29/15,10:31,$20.00,LOT 29A - EMU VIS LOT,OVERTIME LOT METER,10,Fri
6/1/15,10:15,$20.00,LOT 29A - EMU VIS LOT,OVERTIME LOT METER,10,Mon
6/1/15,13:34,$20.00,LOT 29A - EMU VIS LOT,OVERTIME LOT METER,13,Mon
1/28/15,10:35,$20.00,LOT 29A - EMU VIS LOT,OVERTIME LOT METER,10,Wed
1/28/15,10:36,$20.00,LOT 29A - EMU VIS LOT,OVERTIME LOT METER,10,Wed
1/28/15,10:37,$20.00,LOT 29A - EMU VIS LOT,OVERTIME LOT METER,10,Wed
1/30/15,11:31,$20.00,LOT 29A - EMU VIS LOT,OVERTIME LOT METER,11,Fri
1/30/15,11:33,$20.00,LOT 29A - EMU VIS LOT,OVERTIME LOT METER,11,Fri
1/30/15,11:31,$20.00,LOT 29A - EMU VIS LOT,OVERTIME LOT METER,11,Fri
2/2/15,10:19,$20.00,LOT 29A - EMU VIS LOT,OVERTIME LOT METER,10,Mon
2/2/15,10:19,$50.00,LOT 29A - EMU VIS LOT,BOOT FEE,10,Mon
6/3/15,13:51,$45.00,LOT 29A - EMU VIS LOT,RESERVED SPACE,13,Wed
2/2/15,10:48,$20.00,LOT 29A - EMU VIS LOT,OVERTIME LOT METER,10,Mon
2/2/15,10:49,$20.00,LOT 29A - EMU VIS LOT,OVERTIME LOT METER,10,Mon
11/20/15,9:04,$20.00,LOT 29A - EMU VIS LOT,OVERTIME PAYSTATION,9,Fri
8/31/15,10:34,$20.00,LOT 29A - EMU VIS LOT,OVERTIME PAYSTATION,10,Mon
8/31/15,10:35,$20.00,LOT 29A - EMU VIS LOT,OVERTIME PAYSTATION,10,Mon
9/1/15,8:12,$20.00,LOT 29A - EMU VIS LOT,OVERTIME PAYSTATION,8,Tue
9/1/15,8:14,$20.00,LOT 29A - EMU VIS LOT,OVERTIME PAYSTATION,8,Tue
9/2/15,10:40,$20.00,LOT 29A - EMU VIS LOT,OVERTIME PAYSTATION,10,Wed
9/3/15,7:53,$20.00,LOT 29A - EMU VIS LOT,OVERTIME PAYSTATION,7,Thu
11/20/15,11:15,$20.00,LOT 29A - EMU VIS LOT,OVERTIME LOT METER,11,Fri
2/3/15,16:13,$20.00,LOT 29A - EMU VIS LOT,OVERTIME LOT METER,16,Tue
2/4/15,15:03,$20.00,LOT 29A - EMU VIS LOT,OVERTIME LOT METER,15,Wed
2/4/15,15:04,$20.00,LOT 29A - EMU VIS LOT,OVERTIME LOT METER,15,Wed
2/3/15,9:54,$20.00,LOT 29A - EMU VIS LOT,OVERTIME LOT METER,9,Tue
10/6/16,15:35,$20.00,LOT 29A - EMU VIS LOT,OVERTIME PAYSTATION,15,Thu
2/3/15,9:55,$20.00,LOT 29A - EMU VIS LOT,OVERTIME LOT METER,9,Tue
11/20/15,9:05,$40.00,LOT 29A - EMU VIS LOT,NO UO PERMIT,9,Fri
8/4/15,8:46,$0.00,LOT 29A - EMU VIS LOT,OVERTIME PAYSTATION,8,Tue
8/4/15,8:49,$20.00,LOT 29A - EMU VIS LOT,OVERTIME PAYSTATION,8,Tue
10/31/16,14:11,$20.00,LOT 29A - EMU VIS LOT,OVERTIME PAYSTATION,14,Mon
11/7/16,10:08,$20.00,LOT 29A - EMU VIS LOT,OVERTIME PAYSTATION,10,Mon
6/17/15,16:37,$20.00,LOT 29A - EMU VIS LOT,OVERTIME LOT METER,16,Wed
6/17/15,16:38,$20.00,LOT 29A - EMU VIS LOT,OVERTIME LOT METER,16,Wed
2/4/15,13:32,$20.00,LOT 29A - EMU VIS LOT,OVERTIME LOT METER,13,Wed
2/4/15,15:03,$20.00,LOT 29A - EMU VIS LOT,OVERTIME LOT METER,15,Wed
2/4/15,15:05,$20.00,LOT 29A - EMU VIS LOT,OVERTIME LOT METER,15,Wed
2/5/15,10:36,$20.00,LOT 29A - EMU VIS LOT,OVERTIME LOT METER,10,Thu
2/5/15,14:27,$20.00,LOT 29A - EMU VIS LOT,OVERTIME LOT METER,14,Thu
2/5/15,14:29,$20.00,LOT 29A - EMU VIS LOT,OVERTIME LOT METER,14,Thu
6/23/15,11:08,$20.00,LOT 29A - EMU VIS LOT,OVERTIME LOT METER,11,Tue
6/24/15,10:16,$20.00,LOT 29A - EMU VIS LOT,OVERTIME LOT METER,10,Wed
2/9/15,8:40,$20.00,LOT 29A - EMU VIS LOT,OVERTIME LOT METER,8,Mon
2/9/15,8:43,$0.00,LOT 29A - EMU VIS LOT,WARNING/NO CHARGE,8,Mon
6/30/15,8:31,$20.00,LOT 29A - EMU VIS LOT,OVERTIME LOT METER,8,Tue
6/30/15,8:39,$20.00,LOT 29A - EMU VIS LOT,OVERTIME LOT METER,8,Tue
6/30/15,8:40,$0.00,LOT 29A - EMU VIS LOT,WARNING/NO CHARGE,8,Tue
6/30/15,8:46,$20.00,LOT 29A - EMU VIS LOT,OVERTIME LOT METER,8,Tue
6/30/15,8:56,$20.00,LOT 29A - EMU VIS LOT,OVERTIME LOT METER,8,Tue
7/1/15,14:30,$20.00,LOT 29A - EMU VIS LOT,OVERTIME LOT METER,14,Wed
7/1/15,8:32,$20.00,LOT 29A - EMU VIS LOT,OVERTIME LOT METER,8,Wed
6/9/15,10:30,$20.00,LOT 29A - EMU VIS LOT,OVERTIME LOT METER,10,Tue
6/9/15,10:31,$20.00,LOT 29A - EMU VIS LOT,OVERTIME LOT METER,10,Tue
6/17/15,11:37,$20.00,LOT 29A - EMU VIS LOT,OVERTIME LOT METER,11,Wed
7/15/15,16:45,$20.00,LOT 29A - EMU VIS LOT,OVERTIME PAYSTATION,16,Wed
7/15/15,16:46,$20.00,LOT 29A - EMU VIS LOT,OVERTIME PAYSTATION,16,Wed
6/17/15,11:36,$20.00,LOT 29A - EMU VIS LOT,OVERTIME LOT METER,11,Wed
7/16/15,13:36,$20.00,LOT 29A - EMU VIS LOT,OVERTIME PAYSTATION,13,Thu
7/16/15,13:39,$20.00,LOT 29A - EMU VIS LOT,OVERTIME PAYSTATION,13,Thu
7/16/15,13:41,$20.00,LOT 29A - EMU VIS LOT,OVERTIME PAYSTATION,13,Thu
6/25/15,16:28,$20.00,LOT 29A - EMU VIS LOT,OVERTIME LOT METER,16,Thu
6/25/15,16:30,$20.00,LOT 29A - EMU VIS LOT,OVERTIME LOT METER,16,Thu
6/25/15,10:41,$470.00,LOT 29A - EMU VIS LOT,DISABLED SPACE PSTD,10,Thu
6/25/15,10:44,$20.00,LOT 29A - EMU VIS LOT,OVERTIME LOT METER,10,Thu
6/29/15,8:24,$20.00,LOT 29A - EMU VIS LOT,OVERTIME LOT METER,8,Mon
6/29/15,14:58,$20.00,LOT 29A - EMU VIS LOT,OVERTIME LOT METER,14,Mon
6/29/15,15:03,$20.00,LOT 29A - EMU VIS LOT,OVERTIME LOT METER,15,Mon
6/30/15,8:47,$35.00,LOT 29A - EMU VIS LOT,OVERLINE/TAKE THE SPACE OF,8,Tue
6/30/15,8:49,$20.00,LOT 29A - EMU VIS LOT,OVERTIME LOT METER,8,Tue
6/30/15,8:51,$20.00,LOT 29A - EMU VIS LOT,OVERTIME LOT METER,8,Tue
6/30/15,8:52,$20.00,LOT 29A - EMU VIS LOT,OVERTIME LOT METER,8,Tue
6/30/15,8:55,$20.00,LOT 29A - EMU VIS LOT,OVERTIME LOT METER,8,Tue
7/1/15,14:29,$20.00,LOT 29A - EMU VIS LOT,OVERTIME PAYSTATION,14,Wed
7/1/15,14:35,$20.00,LOT 29A - EMU VIS LOT,OVERTIME PAYSTATION,14,Wed
7/1/15,8:24,$20.00,LOT 29A - EMU VIS LOT,OVERTIME LOT METER,8,Wed
7/1/15,8:27,$20.00,LOT 29A - EMU VIS LOT,OVERTIME LOT METER,8,Wed
7/1/15,8:29,$20.00,LOT 29A - EMU VIS LOT,OVERTIME LOT METER,8,Wed
7/1/15,8:31,$20.00,LOT 29A - EMU VIS LOT,OVERTIME LOT METER,8,Wed
7/2/15,8:09,$20.00,LOT 29A - EMU VIS LOT,OVERTIME PAYSTATION,8,Thu
7/16/15,13:34,$20.00,LOT 29A - EMU VIS LOT,OVERTIME PAYSTATION,13,Thu
7/16/15,13:35,$20.00,LOT 29A - EMU VIS LOT,OVERTIME PAYSTATION,13,Thu
2/5/15,14:26,$20.00,LOT 29A - EMU VIS LOT,OVERTIME LOT METER,14,Thu
2/9/15,10:23,$20.00,LOT 29A - EMU VIS LOT,OVERTIME LOT METER,10,Mon
11/19/15,13:36,$20.00,LOT 29A - EMU VIS LOT,OVERTIME LOT METER,13,Thu
2/11/15,10:11,$20.00,LOT 29A - EMU VIS LOT,OVERTIME LOT METER,10,Wed
2/11/15,16:47,$20.00,LOT 29A - EMU VIS LOT,OVERTIME LOT METER,16,Wed
2/12/15,10:39,$45.00,LOT 29A - EMU VIS LOT,RESERVED SPACE,10,Thu
7/23/15,15:20,$20.00,LOT 29A - EMU VIS LOT,OVERTIME PAYSTATION,15,Thu
7/23/15,15:22,$20.00,LOT 29A - EMU VIS LOT,OVERTIME PAYSTATION,15,Thu
7/28/15,12:32,$20.00,LOT 29A - EMU VIS LOT,OVERTIME PAYSTATION,12,Tue
7/28/15,12:35,$20.00,LOT 29A - EMU VIS LOT,OVERTIME PAYSTATION,12,Tue
7/29/15,11:00,$35.00,LOT 29A - EMU VIS LOT,OVERLINE/TAKE THE SPACE OF,11,Wed
7/29/15,11:02,$20.00,LOT 29A - EMU VIS LOT,OVERTIME PAYSTATION,11,Wed
7/29/15,11:05,$20.00,LOT 29A - EMU VIS LOT,OVERTIME PAYSTATION,11,Wed
2/13/15,16:10,$20.00,LOT 29A - EMU VIS LOT,OVERTIME LOT METER,16,Fri
2/16/15,9:53,$20.00,LOT 29A - EMU VIS LOT,OVERTIME LOT METER,9,Mon
2/16/15,9:55,$20.00,LOT 29A - EMU VIS LOT,OVERTIME LOT METER,9,Mon
2/16/15,11:16,$35.00,LOT 29A - EMU VIS LOT,OVERLINE/TAKE THE SPACE OF,11,Mon
7/22/15,14:59,$20.00,LOT 29A - EMU VIS LOT,OVERTIME LOT METER,14,Wed
7/22/15,15:01,$20.00,LOT 29A - EMU VIS LOT,OVERTIME LOT METER,15,Wed
7/27/15,11:16,$20.00,LOT 29A - EMU VIS LOT,OVERTIME PAYSTATION,11,Mon
7/28/15,12:30,$20.00,LOT 29A - EMU VIS LOT,OVERTIME PAYSTATION,12,Tue
2/18/15,14:15,$20.00,LOT 29A - EMU VIS LOT,OVERTIME LOT METER,14,Wed
2/18/15,14:16,$20.00,LOT 29A - EMU VIS LOT,OVERTIME LOT METER,14,Wed
8/3/15,15:50,$20.00,LOT 29A - EMU VIS LOT,OVERTIME PAYSTATION,15,Mon
11/17/15,11:13,$20.00,LOT 29A - EMU VIS LOT,OVERTIME PAYSTATION,11,Tue
12/1/15,10:48,$20.00,LOT 29A - EMU VIS LOT,OVERTIME PAYSTATION,10,Tue
12/1/15,10:52,$20.00,LOT 29A - EMU VIS LOT,OVERTIME PAYSTATION,10,Tue
2/10/15,10:20,$20.00,LOT 29A - EMU VIS LOT,OVERTIME LOT METER,10,Tue
2/11/15,16:41,$20.00,LOT 29A - EMU VIS LOT,OVERTIME LOT METER,16,Wed
2/11/15,16:43,$35.00,LOT 29A - EMU VIS LOT,SERVICE VEHICLE ONLY,16,Wed
2/12/15,10:39,$50.00,LOT 29A - EMU VIS LOT,TOWING FEE,10,Thu
2/13/15,10:55,$20.00,LOT 29A - EMU VIS LOT,OVERTIME LOT METER,10,Fri
8/14/15,8:21,$20.00,LOT 29A - EMU VIS LOT,OVERTIME PAYSTATION,8,Fri
8/14/15,8:25,$20.00,LOT 29A - EMU VIS LOT,OVERTIME PAYSTATION,8,Fri
8/14/15,14:29,$20.00,LOT 29A - EMU VIS LOT,OVERTIME PAYSTATION,14,Fri
8/14/15,14:30,$20.00,LOT 29A - EMU VIS LOT,OVERTIME PAYSTATION,14,Fri
8/18/15,10:27,$20.00,LOT 29A - EMU VIS LOT,OVERTIME PAYSTATION,10,Tue
8/18/15,10:31,$35.00,LOT 29A - EMU VIS LOT,OVERLINE/TAKE THE SPACE OF,10,Tue
8/18/15,10:33,$20.00,LOT 29A - EMU VIS LOT,OVERTIME PAYSTATION,10,Tue
8/19/15,8:27,$20.00,LOT 29A - EMU VIS LOT,OVERTIME PAYSTATION,8,Wed
8/19/15,10:24,$20.00,LOT 29A - EMU VIS LOT,OVERTIME PAYSTATION,10,Wed
8/19/15,10:26,$20.00,LOT 29A - EMU VIS LOT,OVERTIME PAYSTATION,10,Wed
8/19/15,10:28,$20.00,LOT 29A - EMU VIS LOT,OVERTIME PAYSTATION,10,Wed
8/20/15,11:17,$20.00,LOT 29A - EMU VIS LOT,OVERTIME PAYSTATION,11,Thu
8/24/15,8:33,$20.00,LOT 29A - EMU VIS LOT,OVERTIME PAYSTATION,8,Mon
8/24/15,10:23,$20.00,LOT 29A - EMU VIS LOT,OVERTIME PAYSTATION,10,Mon
8/25/15,8:02,$20.00,LOT 29A - EMU VIS LOT,OVERTIME PAYSTATION,8,Tue
8/25/15,8:06,$20.00,LOT 29A - EMU VIS LOT,OVERTIME PAYSTATION,8,Tue
8/25/15,8:07,$20.00,LOT 29A - EMU VIS LOT,OVERTIME PAYSTATION,8,Tue
8/26/15,14:40,$20.00,LOT 29A - EMU VIS LOT,OVERTIME PAYSTATION,14,Wed
2/13/15,16:09,$20.00,LOT 29A - EMU VIS LOT,OVERTIME LOT METER,16,Fri
2/16/15,10:00,$20.00,LOT 29A - EMU VIS LOT,OVERTIME LOT METER,10,Mon
2/16/15,14:22,$20.00,LOT 29A - EMU VIS LOT,OVERTIME LOT METER,14,Mon
2/17/15,14:24,$20.00,LOT 29A - EMU VIS LOT,OVERTIME LOT METER,14,Tue
8/3/15,15:51,$20.00,LOT 29A - EMU VIS LOT,OVERTIME PAYSTATION,15,Mon
8/3/15,15:53,$20.00,LOT 29A - EMU VIS LOT,OVERTIME PAYSTATION,15,Mon
11/17/15,11:15,$20.00,LOT 29A - EMU VIS LOT,OVERTIME PAYSTATION,11,Tue
11/17/15,15:08,$40.00,LOT 29A - EMU VIS LOT,NO UO PERMIT,15,Tue
8/27/15,15:41,$20.00,LOT 29A - EMU VIS LOT,OVERTIME PAYSTATION,15,Thu
8/27/15,15:42,$20.00,LOT 29A - EMU VIS LOT,OVERTIME PAYSTATION,15,Thu
8/28/15,10:34,$20.00,LOT 29A - EMU VIS LOT,OVERTIME LOT METER,10,Fri
8/28/15,10:36,$20.00,LOT 29A - EMU VIS LOT,OVERTIME LOT METER,10,Fri
2/18/15,10:50,$20.00,LOT 29A - EMU VIS LOT,OVERTIME LOT METER,10,Wed
2/19/15,13:47,$20.00,LOT 29A - EMU VIS LOT,OVERTIME LOT METER,13,Thu
1/31/17,10:37,$20.00,LOT 29A - EMU VIS LOT,OVERTIME PAYSTATION,10,Tue
1/25/17,10:43,$20.00,LOT 29A - EMU VIS LOT,OVERTIME PAYSTATION,10,Wed
1/31/17,10:39,$20.00,LOT 29A - EMU VIS LOT,OVERTIME PAYSTATION,10,Tue
2/1/17,16:45,$20.00,LOT 29A - EMU VIS LOT,OVERTIME LOT METER,16,Wed
2/1/17,16:47,$20.00,LOT 29A - EMU VIS LOT,OVERTIME LOT METER,16,Wed
2/2/17,10:55,$20.00,LOT 29A - EMU VIS LOT,OVERTIME PAYSTATION,10,Thu
2/2/17,10:51,$20.00,LOT 29A - EMU VIS LOT,OVERTIME PAYSTATION,10,Thu
2/2/17,10:53,$20.00,LOT 29A - EMU VIS LOT,OVERTIME PAYSTATION,10,Thu
2/6/17,11:30,$20.00,LOT 29A - EMU VIS LOT,OVERTIME PAYSTATION,11,Mon
2/6/17,11:31,$20.00,LOT 29A - EMU VIS LOT,OVERTIME PAYSTATION,11,Mon
3/1/17,10:22,$150.00,LOT 29A - EMU VIS LOT,RESERVE & TOW,10,Wed
8/10/15,9:27,$20.00,LOT 29A - EMU VIS LOT,OVERTIME PAYSTATION,9,Mon
2/28/17,11:37,$20.00,LOT 29A - EMU VIS LOT,OVERTIME PAYSTATION,11,Tue
8/14/15,14:27,$20.00,LOT 29A - EMU VIS LOT,OVERTIME PAYSTATION,14,Fri
8/14/15,14:27,$20.00,LOT 29A - EMU VIS LOT,OVERTIME PAYSTATION,14,Fri
8/17/15,10:16,$35.00,LOT 29A - EMU VIS LOT,NO PERMIT FOR AREA,10,Mon
8/19/15,10:22,$20.00,LOT 29A - EMU VIS LOT,OVERTIME PAYSTATION,10,Wed
8/20/15,11:18,$35.00,LOT 29A - EMU VIS LOT,OVERLINE/TAKE THE SPACE OF,11,Thu
8/20/15,11:20,$20.00,LOT 29A - EMU VIS LOT,OVERTIME PAYSTATION,11,Thu
8/21/15,7:39,$20.00,LOT 29A - EMU VIS LOT,OVERTIME PAYSTATION,7,Fri
8/24/15,8:27,$20.00,LOT 29A - EMU VIS LOT,OVERTIME PAYSTATION,8,Mon
8/24/15,8:29,$20.00,LOT 29A - EMU VIS LOT,OVERTIME PAYSTATION,8,Mon
8/24/15,8:32,$20.00,LOT 29A - EMU VIS LOT,OVERTIME PAYSTATION,8,Mon
8/28/15,10:37,$20.00,LOT 29A - EMU VIS LOT,OVERTIME LOT METER,10,Fri
8/28/15,10:39,$20.00,LOT 29A - EMU VIS LOT,OVERTIME LOT METER,10,Fri
12/9/16,4:08,$35.00,LOT 29A - EMU VIS LOT,NO OVERNIGHT PARKING,4,Fri
1/26/17,8:22,$20.00,LOT 29A - EMU VIS LOT,OVERTIME PAYSTATION,8,Thu
1/26/17,8:23,$20.00,LOT 29A - EMU VIS LOT,OVERTIME PAYSTATION,8,Thu
3/3/17,10:09,$20.00,LOT 29A - EMU VIS LOT,OVERTIME PAYSTATION,10,Fri
1/30/17,14:44,$20.00,LOT 29A - EMU VIS LOT,OVERTIME PAYSTATION,14,Mon
1/25/17,14:14,$20.00,LOT 29A - EMU VIS LOT,OVERTIME PAYSTATION,14,Wed
3/2/17,16:36,$20.00,LOT 29A - EMU VIS LOT,OVERTIME PAYSTATION,16,Thu
1/31/17,10:34,$20.00,LOT 29A - EMU VIS LOT,OVERTIME PAYSTATION,10,Tue
1/31/17,10:35,$20.00,LOT 29A - EMU VIS LOT,OVERTIME PAYSTATION,10,Tue
2/27/17,3:55,$35.00,LOT 29A - EMU VIS LOT,NO OVERNIGHT PARKING,3,Mon
2/27/17,11:17,$20.00,LOT 29A - EMU VIS LOT,OVERTIME STREET MTR,11,Mon
2/1/17,3:46,$35.00,LOT 29A - EMU VIS LOT,NO OVERNIGHT PARKING,3,Wed
2/2/17,10:57,$20.00,LOT 29A - EMU VIS LOT,OVERTIME PAYSTATION,10,Thu
2/7/17,8:33,$20.00,LOT 29A - EMU VIS LOT,OVERTIME PAYSTATION,8,Tue
2/7/17,8:35,$20.00,LOT 29A - EMU VIS LOT,OVERTIME PAYSTATION,8,Tue
2/7/17,8:36,$20.00,LOT 29A - EMU VIS LOT,OVERTIME PAYSTATION,8,Tue
2/7/17,8:37,$20.00,LOT 29A - EMU VIS LOT,OVERTIME PAYSTATION,8,Tue
1/26/17,10:43,$20.00,LOT 29A - EMU VIS LOT,OVERTIME PAYSTATION,10,Thu
2/28/17,10:44,$20.00,LOT 29A - EMU VIS LOT,OVERTIME PAYSTATION,10,Tue
2/28/17,14:21,$50.00,LOT 29A - EMU VIS LOT,BOOT FEE,14,Tue
2/28/17,10:43,$20.00,LOT 29A - EMU VIS LOT,OVERTIME PAYSTATION,10,Tue
2/28/17,14:19,$20.00,LOT 29A - EMU VIS LOT,OVERTIME PAYSTATION,14,Tue
2/28/17,14:21,$20.00,LOT 29A - EMU VIS LOT,OVERTIME PAYSTATION,14,Tue
3/2/17,16:38,$20.00,LOT 29A - EMU VIS LOT,OVERTIME PAYSTATION,16,Thu
3/2/17,16:40,$20.00,LOT 29A - EMU VIS LOT,OVERTIME PAYSTATION,16,Thu
3/2/17,14:24,$20.00,LOT 29A - EMU VIS LOT,OVERTIME PAYSTATION,14,Thu
2/15/17,3:47,$35.00,LOT 29A - EMU VIS LOT,NO OVERNIGHT PARKING,3,Wed
2/17/17,14:38,$20.00,LOT 29A - EMU VIS LOT,OVERTIME PAYSTATION,14,Fri
2/17/17,14:39,$20.00,LOT 29A - EMU VIS LOT,OVERTIME PAYSTATION,14,Fri
2/17/17,14:41,$20.00,LOT 29A - EMU VIS LOT,OVERTIME PAYSTATION,14,Fri
2/20/17,13:36,$20.00,LOT 29A - EMU VIS LOT,OVERTIME PAYSTATION,13,Mon
2/20/17,13:39,$20.00,LOT 29A - EMU VIS LOT,OVERTIME PAYSTATION,13,Mon
2/20/17,13:40,$0.00,LOT 29A - EMU VIS LOT,BOOT WARNING,13,Mon
2/20/17,13:47,$20.00,LOT 29A - EMU VIS LOT,OVERTIME PAYSTATION,13,Mon
2/20/17,16:36,$20.00,LOT 29A - EMU VIS LOT,OVERTIME LOT METER,16,Mon
2/17/17,14:32,$20.00,LOT 29A - EMU VIS LOT,OVERTIME PAYSTATION,14,Fri
2/20/17,16:39,$20.00,LOT 29A - EMU VIS LOT,OVERTIME LOT METER,16,Mon
2/20/17,16:41,$20.00,LOT 29A - EMU VIS LOT,OVERTIME LOT METER,16,Mon
1/19/17,17:10,$20.00,LOT 29A - EMU VIS LOT,OVERTIME PAYSTATION,17,Thu
1/19/17,17:15,$50.00,LOT 29A - EMU VIS LOT,BOOT FEE,17,Thu
1/19/17,17:17,$20.00,LOT 29A - EMU VIS LOT,OVERTIME PAYSTATION,17,Thu
1/20/17,4:04,$35.00,LOT 29A - EMU VIS LOT,NO OVERNIGHT PARKING,4,Fri
1/20/17,7:43,$20.00,LOT 29A - EMU VIS LOT,OVERTIME PAYSTATION,7,Fri
1/20/17,7:45,$20.00,LOT 29A - EMU VIS LOT,OVERTIME PAYSTATION,7,Fri
3/6/17,14:30,$20.00,LOT 29A - EMU VIS LOT,OVERTIME PAYSTATION,14,Mon
3/7/17,14:10,$20.00,LOT 29A - EMU VIS LOT,OVERTIME PAYSTATION,14,Tue
3/6/17,14:32,$20.00,LOT 29A - EMU VIS LOT,OVERTIME PAYSTATION,14,Mon
3/6/17,14:33,$0.00,LOT 29A - EMU VIS LOT,BOOT WARNING,14,Mon
2/17/17,14:42,$20.00,LOT 29A - EMU VIS LOT,OVERTIME PAYSTATION,14,Fri
2/17/17,14:43,$20.00,LOT 29A - EMU VIS LOT,OVERTIME PAYSTATION,14,Fri
2/17/17,14:45,$20.00,LOT 29A - EMU VIS LOT,OVERTIME PAYSTATION,14,Fri
3/8/17,17:00,$20.00,LOT 29A - EMU VIS LOT,OVERTIME PAYSTATION,17,Wed
3/9/17,11:32,$20.00,LOT 29A - EMU VIS LOT,OVERTIME PAYSTATION,11,Thu
3/9/17,11:33,$20.00,LOT 29A - EMU VIS LOT,OVERTIME PAYSTATION,11,Thu
2/17/17,14:30,$20.00,LOT 29A - EMU VIS LOT,OVERTIME PAYSTATION,14,Fri
2/17/17,14:31,$20.00,LOT 29A - EMU VIS LOT,OVERTIME PAYSTATION,14,Fri
2/20/17,16:42,$20.00,LOT 29A - EMU VIS LOT,OVERTIME LOT METER,16,Mon
2/20/17,16:44,$20.00,LOT 29A - EMU VIS LOT,OVERTIME LOT METER,16,Mon
1/19/17,17:05,$20.00,LOT 29A - EMU VIS LOT,OVERTIME PAYSTATION,17,Thu
1/19/17,17:07,$20.00,LOT 29A - EMU VIS LOT,OVERTIME PAYSTATION,17,Thu
2/6/17,14:17,$20.00,LOT 29A - EMU VIS LOT,OVERTIME PAYSTATION,14,Mon
2/6/17,14:18,$20.00,LOT 29A - EMU VIS LOT,OVERTIME PAYSTATION,14,Mon
2/7/17,13:48,$20.00,LOT 29A - EMU VIS LOT,OVERTIME PAYSTATION,13,Tue
1/25/17,14:12,$20.00,LOT 29A - EMU VIS LOT,OVERTIME PAYSTATION,14,Wed
1/23/17,9:36,$20.00,LOT 29A - EMU VIS LOT,OVERTIME PAYSTATION,9,Mon
1/23/17,14:38,$20.00,LOT 29A - EMU VIS LOT,OVERTIME PAYSTATION,14,Mon
1/30/17,14:41,$20.00,LOT 29A - EMU VIS LOT,OVERTIME PAYSTATION,14,Mon
1/30/17,14:42,$20.00,LOT 29A - EMU VIS LOT,OVERTIME PAYSTATION,14,Mon
1/24/17,11:06,$20.00,LOT 29A - EMU VIS LOT,OVERTIME PAYSTATION,11,Tue
1/24/17,11:07,$20.00,LOT 29A - EMU VIS LOT,OVERTIME PAYSTATION,11,Tue
3/10/17,9:15,$20.00,LOT 29A - EMU VIS LOT,OVERTIME LOT METER,9,Fri
3/13/17,11:03,$20.00,LOT 29A - EMU VIS LOT,OVERTIME STREET MTR,11,Mon
3/7/17,8:28,$20.00,LOT 29A - EMU VIS LOT,OVERTIME PAYSTATION,8,Tue
3/7/17,3:54,$35.00,LOT 29A - EMU VIS LOT,NO OVERNIGHT PARKING,3,Tue
3/9/17,8:35,$20.00,LOT 29A - EMU VIS LOT,OVERTIME PAYSTATION,8,Thu
3/7/17,14:12,$20.00,LOT 29A - EMU VIS LOT,OVERTIME PAYSTATION,14,Tue
3/7/17,14:13,$20.00,LOT 29A - EMU VIS LOT,OVERTIME PAYSTATION,14,Tue
3/9/17,11:35,$20.00,LOT 29A - EMU VIS LOT,OVERTIME PAYSTATION,11,Thu
3/9/17,11:37,$20.00,LOT 29A - EMU VIS LOT,OVERTIME PAYSTATION,11,Thu
2/8/17,13:37,$20.00,LOT 29A - EMU VIS LOT,OVERTIME PAYSTATION,13,Wed
2/6/17,14:20,$20.00,LOT 29A - EMU VIS LOT,OVERTIME PAYSTATION,14,Mon
2/7/17,10:39,$20.00,LOT 29A - EMU VIS LOT,OVERTIME PAYSTATION,10,Tue
2/7/17,13:46,$20.00,LOT 29A - EMU VIS LOT,OVERTIME PAYSTATION,13,Tue
2/8/17,10:55,$20.00,LOT 29A - EMU VIS LOT,OVERTIME PAYSTATION,10,Wed
2/9/17,7:34,$20.00,LOT 29A - EMU VIS LOT,OVERTIME PAYSTATION,7,Thu
2/10/17,13:59,$20.00,LOT 29A - EMU VIS LOT,OVERTIME PAYSTATION,13,Fri
2/10/17,13:59,$20.00,LOT 29A - EMU VIS LOT,OVERTIME PAYSTATION,13,Fri
2/13/17,14:03,$20.00,LOT 29A - EMU VIS LOT,OVERTIME PAYSTATION,14,Mon
1/25/17,10:42,$20.00,LOT 29A - EMU VIS LOT,OVERTIME PAYSTATION,10,Wed
1/26/17,8:25,$20.00,LOT 29A - EMU VIS LOT,OVERTIME PAYSTATION,8,Thu
1/23/17,9:33,$20.00,LOT 29A - EMU VIS LOT,OVERTIME PAYSTATION,9,Mon
1/23/17,9:35,$20.00,LOT 29A - EMU VIS LOT,OVERTIME PAYSTATION,9,Mon
3/13/17,14:36,$20.00,LOT 29A - EMU VIS LOT,OVERTIME PAYSTATION,14,Mon
3/13/17,14:37,$20.00,LOT 29A - EMU VIS LOT,OVERTIME PAYSTATION,14,Mon
3/13/17,14:38,$20.00,LOT 29A - EMU VIS LOT,OVERTIME PAYSTATION,14,Mon
2/23/15,11:31,$20.00,LOT 29A - EMU VIS LOT,OVERTIME LOT METER,11,Mon
2/18/15,17:09,$20.00,LOT 29A - EMU VIS LOT,OVERTIME LOT METER,17,Wed
2/18/15,17:09,$50.00,LOT 29A - EMU VIS LOT,BOOT FEE,17,Wed
2/25/15,10:15,$20.00,LOT 29A - EMU VIS LOT,OVERTIME LOT METER,10,Wed
2/25/15,10:16,$20.00,LOT 29A - EMU VIS LOT,OVERTIME LOT METER,10,Wed
2/19/15,16:11,$20.00,LOT 29A - EMU VIS LOT,OVERTIME LOT METER,16,Thu
2/26/15,14:17,$20.00,LOT 29A - EMU VIS LOT,OVERTIME LOT METER,14,Thu
2/20/15,14:04,$35.00,LOT 29A - EMU VIS LOT,SERVICE VEHICLE ONLY,14,Fri
2/20/15,10:27,$20.00,LOT 29A - EMU VIS LOT,OVERTIME LOT METER,10,Fri
2/24/15,10:26,$20.00,LOT 29A - EMU VIS LOT,OVERTIME LOT METER,10,Tue
2/24/15,10:29,$20.00,LOT 29A - EMU VIS LOT,OVERTIME LOT METER,10,Tue
2/24/15,13:34,$20.00,LOT 29A - EMU VIS LOT,OVERTIME LOT METER,13,Tue
2/24/15,16:08,$20.00,LOT 29A - EMU VIS LOT,OVERTIME LOT METER,16,Tue
2/24/15,16:09,$20.00,LOT 29A - EMU VIS LOT,OVERTIME LOT METER,16,Tue
2/24/15,16:11,$20.00,LOT 29A - EMU VIS LOT,OVERTIME LOT METER,16,Tue
2/24/15,16:12,$50.00,LOT 29A - EMU VIS LOT,BOOT FEE,16,Tue
2/26/15,10:13,$20.00,LOT 29A - EMU VIS LOT,OVERTIME LOT METER,10,Thu
